ship date,tracking,state,zip,weight,zone,,,,,,,,,,,,,,,,,,,,,,,,,,,,,,,,,,,,,,,,,,,,,,,,,,,,,,,,,,,,,,,,,,,,,,,,,,,,,,,,,,,,,,,,,,,,,,,,,,,,,,,,,,,,,,,,,,,,,,,,,,,,,,,,,,,,,,,,,,,,,,,,,,,,,
12/14/2015,1Z091YW70393353577,NC,28212,10,8,FRT,3,Ground Residential Third Party,9.28,,,,,,,,,,,,,,,,,,,,,,,,,,,,,,,,,,,,,,,,,,,,,,,,0,,,,0,,,,,0,,0,0,,,0,,,,,,,,,,,,0,,,,,,,0,0,0,0,0,0,,,0,0,0,,,,,,12,,,,,,0,0,0,0,0,0,0,,,,,0,,,0,,0,,,,,,,,,,,,,,,,,,,,,0,,,,
12/14/2015,1Z091YW70393353577,NC,28212,0,8,ACC,RES,Residential Surcharge,2.01,,,,,,,,,,,,,,,,,,,,,,,,,,,,,,,,,,,,,,,,,,,,,,,,0,,,,0,,,,,0,,0,0,,,0,,,,,,,,,,,,0,,,,,,,0,0,0,0,0,0,,,0,0,0,,,,,,12,,,,,,0,0,0,0,0,0,0,,,,,0,,,0,,0,,,,,,,,,,,,,,,,,,,,,0,,,,
12/14/2015,1Z091YW70393353577,NC,28212,0,8,FSC,FSC,Fuel Surcharge,0.59,,,,,,,,,,,,,,,,,,,,,,,,,,,,,,,,,,,,,,,,,,,,,,,,0,,,,0,,,,,0,,0,0,,,0,,,,,,,,,,,,0,,,,,,,0,0,0,0,0,0,,,0,0,0,,,,,,12,,,,,,0,0,0,0,0,0,0,,,,,0,,,0,,0,,,,,,,,,,,,,,,,,,,,,0,,,,
12/14/2015,1Z091YW70393353577,NC,28212,0,8,INF,3,Ground Residential Third Party,0,,,,,,,,,,,,,,,,,,,,,,,,,,,,,,,,,,,,,,,,,,,,,,,,0,,,,0,,,,,0,,0,0,,,0,,,,,,,,,,,,0,,,,,,,0,0,0,0,0,0,,,0,0,0,,,,,,12,,,,,,0,0,0,0,0,0,0,,,,,0,,,0,,0,,,,,,,,,,,,,,,,,,,,,0,,,20.0x 10.0x  8.0,I
12/14/2015,1Z091YW70393083967,NH,3042,30,8,FRT,3,Ground Residential Third Party,21.05,,,,,,,,,,,,,,,,,,,,,,,,,,,,,,,,,,,,,,,,,,,,,,,,0,,,,0,,,,,0,,0,0,,,0,,,,,,,,,,,,0,,,,,,,0,0,0,0,0,0,,,0,0,0,,,,,,12,,,,,,0,0,0,0,0,0,0,,,,,0,,,0,,0,,,,,,,,,,,,,,,,,,,,,0,,,,
12/14/2015,1Z091YW70393083967,NH,3042,0,8,ACC,RES,Residential Surcharge,2.01,,,,,,,,,,,,,,,,,,,,,,,,,,,,,,,,,,,,,,,,,,,,,,,,0,,,,0,,,,,0,,0,0,,,0,,,,,,,,,,,,0,,,,,,,0,0,0,0,0,0,,,0,0,0,,,,,,12,,,,,,0,0,0,0,0,0,0,,,,,0,,,0,,0,,,,,,,,,,,,,,,,,,,,,0,,,,
12/14/2015,1Z091YW70393083967,NH,3042,0,8,ACC,RDR,Delivery Area Surcharge,3,,,,,,,,,,,,,,,,,,,,,,,,,,,,,,,,,,,,,,,,,,,,,,,,0,,,,0,,,,,0,,0,0,,,0,,,,,,,,,,,,0,,,,,,,0,0,0,0,0,0,,,0,0,0,,,,,,12,,,,,,0,0,0,0,0,0,0,,,,,0,,,0,,0,,,,,,,,,,,,,,,,,,,,,0,,,,
12/14/2015,1Z091YW70393083967,NH,3042,0,8,FSC,FSC,Fuel Surcharge,1.37,,,,,,,,,,,,,,,,,,,,,,,,,,,,,,,,,,,,,,,,,,,,,,,,0,,,,0,,,,,0,,0,0,,,0,,,,,,,,,,,,0,,,,,,,0,0,0,0,0,0,,,0,0,0,,,,,,12,,,,,,0,0,0,0,0,0,0,,,,,0,,,0,,0,,,,,,,,,,,,,,,,,,,,,0,,,,
12/14/2015,1Z091YW70393083967,NH,3042,0,8,INF,3,Ground Residential Third Party,0,,,,,,,,,,,,,,,,,,,,,,,,,,,,,,,,,,,,,,,,,,,,,,,,0,,,,0,,,,,0,,0,0,,,0,,,,,,,,,,,,0,,,,,,,0,0,0,0,0,0,,,0,0,0,,,,,,12,,,,,,0,0,0,0,0,0,0,,,,,0,,,0,,0,,,,,,,,,,,,,,,,,,,,,0,,,22.0x 15.0x 15.0,I
12/14/2015,1Z091YW70391859383,NJ,7442,30,8,FRT,3,Ground Residential Third Party,21.05,,,,,,,,,,,,,,,,,,,,,,,,,,,,,,,,,,,,,,,,,,,,,,,,0,,,,0,,,,,0,,0,0,,,0,,,,,,,,,,,,0,,,,,,,0,0,0,0,0,0,,,0,0,0,,,,,,12,,,,,,0,0,0,0,0,0,0,,,,,0,,,0,,0,,,,,,,,,,,,,,,,,,,,,0,,,,
12/14/2015,1Z091YW70391859383,NJ,7442,0,8,ACC,RES,Residential Surcharge,2.01,,,,,,,,,,,,,,,,,,,,,,,,,,,,,,,,,,,,,,,,,,,,,,,,0,,,,0,,,,,0,,0,0,,,0,,,,,,,,,,,,0,,,,,,,0,0,0,0,0,0,,,0,0,0,,,,,,12,,,,,,0,0,0,0,0,0,0,,,,,0,,,0,,0,,,,,,,,,,,,,,,,,,,,,0,,,,
12/14/2015,1Z091YW70391859383,NJ,7442,0,8,FSC,FSC,Fuel Surcharge,1.21,,,,,,,,,,,,,,,,,,,,,,,,,,,,,,,,,,,,,,,,,,,,,,,,0,,,,0,,,,,0,,0,0,,,0,,,,,,,,,,,,0,,,,,,,0,0,0,0,0,0,,,0,0,0,,,,,,12,,,,,,0,0,0,0,0,0,0,,,,,0,,,0,,0,,,,,,,,,,,,,,,,,,,,,0,,,,
12/14/2015,1Z091YW70391859383,NJ,7442,0,8,INF,3,Ground Residential Third Party,0,,,,,,,,,,,,,,,,,,,,,,,,,,,,,,,,,,,,,,,,,,,,,,,,0,,,,0,,,,,0,,0,0,,,0,,,,,,,,,,,,0,,,,,,,0,0,0,0,0,0,,,0,0,0,,,,,,12,,,,,,0,0,0,0,0,0,0,,,,,0,,,0,,0,,,,,,,,,,,,,,,,,,,,,0,,,22.0x 15.0x 15.0,I
12/14/2015,1Z091YW70392834013,FL,33610,28,8,FRT,3,Ground Residential Third Party,17.91,,,,,,,,,,,,,,,,,,,,,,,,,,,,,,,,,,,,,,,,,,,,,,,,0,,,,0,,,,,0,,0,0,,,0,,,,,,,,,,,,0,,,,,,,0,0,0,0,0,0,,,0,0,0,,,,,,12,,,,,,0,0,0,0,0,0,0,,,,,0,,,0,,0,,,,,,,,,,,,,,,,,,,,,0,,,,
12/14/2015,1Z091YW70392834013,FL,33610,0,8,ACC,RES,Residential Surcharge,2.01,,,,,,,,,,,,,,,,,,,,,,,,,,,,,,,,,,,,,,,,,,,,,,,,0,,,,0,,,,,0,,0,0,,,0,,,,,,,,,,,,0,,,,,,,0,0,0,0,0,0,,,0,0,0,,,,,,12,,,,,,0,0,0,0,0,0,0,,,,,0,,,0,,0,,,,,,,,,,,,,,,,,,,,,0,,,,
12/14/2015,1Z091YW70392834013,FL,33610,0,8,FSC,FSC,Fuel Surcharge,1.05,,,,,,,,,,,,,,,,,,,,,,,,,,,,,,,,,,,,,,,,,,,,,,,,0,,,,0,,,,,0,,0,0,,,0,,,,,,,,,,,,0,,,,,,,0,0,0,0,0,0,,,0,0,0,,,,,,12,,,,,,0,0,0,0,0,0,0,,,,,0,,,0,,0,,,,,,,,,,,,,,,,,,,,,0,,,,
12/14/2015,1Z091YW70392834013,FL,33610,0,8,INF,3,Ground Residential Third Party,0,,,,,,,,,,,,,,,,,,,,,,,,,,,,,,,,,,,,,,,,,,,,,,,,0,,,,0,,,,,0,,0,0,,,0,,,,,,,,,,,,0,,,,,,,0,0,0,0,0,0,,,0,0,0,,,,,,12,,,,,,0,0,0,0,0,0,0,,,,,0,,,0,,0,,,,,,,,,,,,,,,,,,,,,0,,,21.0x 14.0x 14.0,I
12/14/2015,1Z091YW70393124627,NY,14546,30,8,FRT,3,Ground Residential Third Party,17.91,,,,,,,,,,,,,,,,,,,,,,,,,,,,,,,,,,,,,,,,,,,,,,,,0,,,,0,,,,,0,,0,0,,,0,,,,,,,,,,,,0,,,,,,,0,0,0,0,0,0,,,0,0,0,,,,,,12,,,,,,0,0,0,0,0,0,0,,,,,0,,,0,,0,,,,,,,,,,,,,,,,,,,,,0,,,,
12/14/2015,1Z091YW70393124627,NY,14546,0,8,ACC,RES,Residential Surcharge,2.01,,,,,,,,,,,,,,,,,,,,,,,,,,,,,,,,,,,,,,,,,,,,,,,,0,,,,0,,,,,0,,0,0,,,0,,,,,,,,,,,,0,,,,,,,0,0,0,0,0,0,,,0,0,0,,,,,,12,,,,,,0,0,0,0,0,0,0,,,,,0,,,0,,0,,,,,,,,,,,,,,,,,,,,,0,,,,
12/14/2015,1Z091YW70393124627,NY,14546,0,8,ACC,RDR,Delivery Area Surcharge,3,,,,,,,,,,,,,,,,,,,,,,,,,,,,,,,,,,,,,,,,,,,,,,,,0,,,,0,,,,,0,,0,0,,,0,,,,,,,,,,,,0,,,,,,,0,0,0,0,0,0,,,0,0,0,,,,,,12,,,,,,0,0,0,0,0,0,0,,,,,0,,,0,,0,,,,,,,,,,,,,,,,,,,,,0,,,,
12/14/2015,1Z091YW70393124627,NY,14546,0,8,FSC,FSC,Fuel Surcharge,1.21,,,,,,,,,,,,,,,,,,,,,,,,,,,,,,,,,,,,,,,,,,,,,,,,0,,,,0,,,,,0,,0,0,,,0,,,,,,,,,,,,0,,,,,,,0,0,0,0,0,0,,,0,0,0,,,,,,12,,,,,,0,0,0,0,0,0,0,,,,,0,,,0,,0,,,,,,,,,,,,,,,,,,,,,0,,,,
12/14/2015,1Z091YW70393124627,NY,14546,0,8,INF,3,Ground Residential Third Party,0,,,,,,,,,,,,,,,,,,,,,,,,,,,,,,,,,,,,,,,,,,,,,,,,0,,,,0,,,,,0,,0,0,,,0,,,,,,,,,,,,0,,,,,,,0,0,0,0,0,0,,,0,0,0,,,,,,12,,,,,,0,0,0,0,0,0,0,,,,,0,,,0,,0,,,,,,,,,,,,,,,,,,,,,0,,,21.0x 14.0x 14.0,I
12/14/2015,1Z091YW70394381722,FL,32968,38,8,FRT,3,Ground Commercial Third Party,23.82,,,,,,,,,,,,,,,,,,,,,,,,,,,,,,,,,,,,,,,,,,,,,,,,0,,,,0,,,,,0,,0,0,,,0,,,,,,,,,,,,0,,,,,,,0,0,0,0,0,0,,,0,0,0,,,,,,12,,,,,,0,0,0,0,0,0,0,,,,,0,,,0,,0,,,,,,,,,,,,,,,,,,,,,0,,,,
12/14/2015,1Z091YW70394381722,FL,32968,0,8,ACC,RES,Residential Surcharge,2.01,,,,,,,,,,,,,,,,,,,,,,,,,,,,,,,,,,,,,,,,,,,,,,,,,,,,,,,,,,,,,,,,,,,,,,,,,,,,,,,,,,,,,,,,,,,,,,,,,,,,,,,,,,,,,,,,,,,,,,,,,,,,,,,,,,,,,,,,,,,,,,,,,
12/14/2015,1Z091YW70394381722,FL,32968,0,8,FSC,FSC,Fuel Surcharge,1.25,,,,,,,,,,,,,,,,,,,,,,,,,,,,,,,,,,,,,,,,,,,,,,,,0,,,,0,,,,,0,,0,0,,,0,,,,,,,,,,,,0,,,,,,,0,0,0,0,0,0,,,0,0,0,,,,,,12,,,,,,0,0,0,0,0,0,0,,,,,0,,,0,,0,,,,,,,,,,,,,,,,,,,,,0,,,,
12/14/2015,1Z091YW70394381722,FL,32968,0,8,INF,3,Ground Commercial Third Party,0,,,,,,,,,,,,,,,,,,,,,,,,,,,,,,,,,,,,,,,,,,,,,,,,0,,,,0,,,,,0,,0,0,,,0,,,,,,,,,,,,0,,,,,,,0,0,0,0,0,0,,,0,0,0,,,,,,12,,,,,,0,0,0,0,0,0,0,,,,,0,,,0,,0,,,,,,,,,,,,,,,,,,,,,0,,,21.0x 21.0x 14.0,I
12/14/2015,1Z091YW70393139540,MA,1760,38,8,FRT,3,Ground Residential Third Party,24.64,,,,,,,,,,,,,,,,,,,,,,,,,,,,,,,,,,,,,,,,,,,,,,,,0,,,,0,,,,,0,,0,0,,,0,,,,,,,,,,,,0,,,,,,,0,0,0,0,0,0,,,0,0,0,,,,,,12,,,,,,0,0,0,0,0,0,0,,,,,0,,,0,,0,,,,,,,,,,,,,,,,,,,,,0,,,,
12/14/2015,1Z091YW70393139540,MA,1760,0,8,ACC,RES,Residential Surcharge,2.01,,,,,,,,,,,,,,,,,,,,,,,,,,,,,,,,,,,,,,,,,,,,,,,,0,,,,0,,,,,0,,0,0,,,0,,,,,,,,,,,,0,,,,,,,0,0,0,0,0,0,,,0,0,0,,,,,,12,,,,,,0,0,0,0,0,0,0,,,,,0,,,0,,0,,,,,,,,,,,,,,,,,,,,,0,,,,
12/14/2015,1Z091YW70393139540,MA,1760,0,8,FSC,FSC,Fuel Surcharge,1.4,,,,,,,,,,,,,,,,,,,,,,,,,,,,,,,,,,,,,,,,,,,,,,,,0,,,,0,,,,,0,,0,0,,,0,,,,,,,,,,,,0,,,,,,,0,0,0,0,0,0,,,0,0,0,,,,,,12,,,,,,0,0,0,0,0,0,0,,,,,0,,,0,,0,,,,,,,,,,,,,,,,,,,,,0,,,,
12/14/2015,1Z091YW70393139540,MA,1760,0,8,INF,3,Ground Residential Third Party,0,,,,,,,,,,,,,,,,,,,,,,,,,,,,,,,,,,,,,,,,,,,,,,,,0,,,,0,,,,,0,,0,0,,,0,,,,,,,,,,,,0,,,,,,,0,0,0,0,0,0,,,0,0,0,,,,,,12,,,,,,0,0,0,0,0,0,0,,,,,0,,,0,,0,,,,,,,,,,,,,,,,,,,,,0,,,21.0x 21.0x 14.0,I
12/14/2015,1Z091YW70391752756,GA,30276,60,8,FRT,3,Ground Residential Third Party,30.67,,,,,,,,,,,,,,,,,,,,,,,,,,,,,,,,,,,,,,,,,,,,,,,,0,,,,0,,,,,0,,0,0,,,0,,,,,,,,,,,,0,,,,,,,0,0,0,0,0,0,,,0,0,0,,,,,,12,,,,,,0,0,0,0,0,0,0,,,,,0,,,0,,0,,,,,,,,,,,,,,,,,,,,,0,,,,
12/14/2015,1Z091YW70391752756,GA,30276,0,8,ACC,RES,Residential Surcharge,2.01,,,,,,,,,,,,,,,,,,,,,,,,,,,,,,,,,,,,,,,,,,,,,,,,0,,,,0,,,,,0,,0,0,,,0,,,,,,,,,,,,0,,,,,,,0,0,0,0,0,0,,,0,0,0,,,,,,12,,,,,,0,0,0,0,0,0,0,,,,,0,,,0,,0,,,,,,,,,,,,,,,,,,,,,0,,,,
12/14/2015,1Z091YW70391752756,GA,30276,0,8,ACC,LDR,Delivery Area Surcharge - Extended,3.8,,,,,,,,,,,,,,,,,,,,,,,,,,,,,,,,,,,,,,,,,,,,,,,,0,,,,0,,,,,0,,0,0,,,0,,,,,,,,,,,,0,,,,,,,0,0,0,0,0,0,,,0,0,0,,,,,,12,,,,,,0,0,0,0,0,0,0,,,,,0,,,0,,0,,,,,,,,,,,,,,,,,,,,,0,,,,
12/14/2015,1Z091YW70391752756,GA,30276,0,8,FSC,FSC,Fuel Surcharge,1.92,,,,,,,,,,,,,,,,,,,,,,,,,,,,,,,,,,,,,,,,,,,,,,,,0,,,,0,,,,,0,,0,0,,,0,,,,,,,,,,,,0,,,,,,,0,0,0,0,0,0,,,0,0,0,,,,,,12,,,,,,0,0,0,0,0,0,0,,,,,0,,,0,,0,,,,,,,,,,,,,,,,,,,,,0,,,,
12/14/2015,1Z091YW70391752756,GA,30276,0,8,INF,3,Ground Residential Third Party,0,,,,,,,,,,,,,,,,,,,,,,,,,,,,,,,,,,,,,,,,,,,,,,,,0,,,,0,,,,,0,,0,0,,,0,,,,,,,,,,,,0,,,,,,,0,0,0,0,0,0,,,0,0,0,,,,,,12,,,,,,0,0,0,0,0,0,0,,,,,0,,,0,,0,,,,,,,,,,,,,,,,,,,,,0,,,29.0x 19.0x 18.0,I
12/14/2015,1Z091YW70391721806,GA,31513,60,8,FRT,3,Ground Commercial Third Party,29.59,,,,,,,,,,,,,,,,,,,,,,,,,,,,,,,,,,,,,,,,,,,,,,,,0,,,,0,,,,,0,,0,0,,,0,,,,,,,,,,,,0,,,,,,,0,0,0,0,0,0,,,0,0,0,,,,,,12,,,,,,0,0,0,0,0,0,0,,,,,0,,,0,,0,,,,,,,,,,,,,,,,,,,,,0,,,,
12/14/2015,1Z091YW70391721806,GA,31513,0,8,ACC,LDC,Delivery Area Surcharge - Extended,2.2,,,,,,,,,,,,,,,,,,,,,,,,,,,,,,,,,,,,,,,,,,,,,,,,0,,,,0,,,,,0,,0,0,,,0,,,,,,,,,,,,0,,,,,,,0,0,0,0,0,0,,,0,0,0,,,,,,12,,,,,,0,0,0,0,0,0,0,,,,,0,,,0,,0,,,,,,,,,,,,,,,,,,,,,0,,,,
12/14/2015,1Z091YW70391721806,GA,31513,0,8,FSC,FSC,Fuel Surcharge,1.67,,,,,,,,,,,,,,,,,,,,,,,,,,,,,,,,,,,,,,,,,,,,,,,,0,,,,0,,,,,0,,0,0,,,0,,,,,,,,,,,,0,,,,,,,0,0,0,0,0,0,,,0,0,0,,,,,,12,,,,,,0,0,0,0,0,0,0,,,,,0,,,0,,0,,,,,,,,,,,,,,,,,,,,,0,,,,
12/14/2015,1Z091YW70391721806,GA,31513,0,8,INF,3,Ground Commercial Third Party,0,,,,,,,,,,,,,,,,,,,,,,,,,,,,,,,,,,,,,,,,,,,,,,,,0,,,,0,,,,,0,,0,0,,,0,,,,,,,,,,,,0,,,,,,,0,0,0,0,0,0,,,0,0,0,,,,,,12,,,,,,0,0,0,0,0,0,0,,,,,0,,,0,,0,,,,,,,,,,,,,,,,,,,,,0,,,29.0x 19.0x 18.0,I
12/14/2015,1Z091YW70394884215,FL,33166,12,8,FRT,3,Ground Commercial Third Party,9.8,,,,,,,,,,,,,,,,,,,,,,,,,,,,,,,,,,,,,,,,,,,,,,,,0,,,,0,,,,,0,,0,0,,,0,,,,,,,,,,,,0,,,,,,,0,0,0,0,0,0,,,0,0,0,,,,,,12,,,,,,0,0,0,0,0,0,0,,,,,0,,,0,,0,,,,,,,,,,,,,,,,,,,,,0,,,,
12/14/2015,1Z091YW70394884215,FL,33166,0,8,FSC,FSC,Fuel Surcharge,0.52,,,,,,,,,,,,,,,,,,,,,,,,,,,,,,,,,,,,,,,,,,,,,,,,0,,,,0,,,,,0,,0,0,,,0,,,,,,,,,,,,0,,,,,,,0,0,0,0,0,0,,,0,0,0,,,,,,12,,,,,,0,0,0,0,0,0,0,,,,,0,,,0,,0,,,,,,,,,,,,,,,,,,,,,0,,,,
12/14/2015,1Z091YW70394884215,FL,33166,0,8,INF,3,Ground Commercial Third Party,0,,,,,,,,,,,,,,,,,,,,,,,,,,,,,,,,,,,,,,,,,,,,,,,,0,,,,0,,,,,0,,0,0,,,0,,,,,,,,,,,,0,,,,,,,0,0,0,0,0,0,,,0,0,0,,,,,,12,,,,,,0,0,0,0,0,0,0,,,,,0,,,0,,0,,,,,,,,,,,,,,,,,,,,,0,,,22.0x 11.0x  8.0,I
12/14/2015,1Z091YW70392239318,PA,18914,30,8,FRT,3,Ground Residential Third Party,21.05,,,,,,,,,,,,,,,,,,,,,,,,,,,,,,,,,,,,,,,,,,,,,,,,0,,,,0,,,,,0,,0,0,,,0,,,,,,,,,,,,0,,,,,,,0,0,0,0,0,0,,,0,0,0,,,,,,12,,,,,,0,0,0,0,0,0,0,,,,,0,,,0,,0,,,,,,,,,,,,,,,,,,,,,0,,,,
12/14/2015,1Z091YW70392239318,PA,18914,0,8,ACC,RES,Residential Surcharge,2.01,,,,,,,,,,,,,,,,,,,,,,,,,,,,,,,,,,,,,,,,,,,,,,,,0,,,,0,,,,,0,,0,0,,,0,,,,,,,,,,,,0,,,,,,,0,0,0,0,0,0,,,0,0,0,,,,,,12,,,,,,0,0,0,0,0,0,0,,,,,0,,,0,,0,,,,,,,,,,,,,,,,,,,,,0,,,,
12/14/2015,1Z091YW70392239318,PA,18914,0,8,FSC,FSC,Fuel Surcharge,1.21,,,,,,,,,,,,,,,,,,,,,,,,,,,,,,,,,,,,,,,,,,,,,,,,0,,,,0,,,,,0,,0,0,,,0,,,,,,,,,,,,0,,,,,,,0,0,0,0,0,0,,,0,0,0,,,,,,12,,,,,,0,0,0,0,0,0,0,,,,,0,,,0,,0,,,,,,,,,,,,,,,,,,,,,0,,,,
12/14/2015,1Z091YW70392239318,PA,18914,0,8,INF,3,Ground Residential Third Party,0,,,,,,,,,,,,,,,,,,,,,,,,,,,,,,,,,,,,,,,,,,,,,,,,0,,,,0,,,,,0,,0,0,,,0,,,,,,,,,,,,0,,,,,,,0,0,0,0,0,0,,,0,0,0,,,,,,12,,,,,,0,0,0,0,0,0,0,,,,,0,,,0,,0,,,,,,,,,,,,,,,,,,,,,0,,,22.0x 15.0x 15.0,I
12/14/2015,1Z091YW70394588483,ME,4938,30,8,FRT,3,Ground Residential Third Party,21.05,,,,,,,,,,,,,,,,,,,,,,,,,,,,,,,,,,,,,,,,,,,,,,,,0,,,,0,,,,,0,,0,0,,,0,,,,,,,,,,,,0,,,,,,,0,0,0,0,0,0,,,0,0,0,,,,,,12,,,,,,0,0,0,0,0,0,0,,,,,0,,,0,,0,,,,,,,,,,,,,,,,,,,,,0,,,,
12/14/2015,1Z091YW70394588483,ME,4938,0,8,ACC,RES,Residential Surcharge,2.01,,,,,,,,,,,,,,,,,,,,,,,,,,,,,,,,,,,,,,,,,,,,,,,,0,,,,0,,,,,0,,0,0,,,0,,,,,,,,,,,,0,,,,,,,0,0,0,0,0,0,,,0,0,0,,,,,,12,,,,,,0,0,0,0,0,0,0,,,,,0,,,0,,0,,,,,,,,,,,,,,,,,,,,,0,,,,
12/14/2015,1Z091YW70394588483,ME,4938,0,8,ACC,LDR,Delivery Area Surcharge - Extended,3.8,,,,,,,,,,,,,,,,,,,,,,,,,,,,,,,,,,,,,,,,,,,,,,,,0,,,,0,,,,,0,,0,0,,,0,,,,,,,,,,,,0,,,,,,,0,0,0,0,0,0,,,0,0,0,,,,,,12,,,,,,0,0,0,0,0,0,0,,,,,0,,,0,,0,,,,,,,,,,,,,,,,,,,,,0,,,,
12/14/2015,1Z091YW70394588483,ME,4938,0,8,FSC,FSC,Fuel Surcharge,1.41,,,,,,,,,,,,,,,,,,,,,,,,,,,,,,,,,,,,,,,,,,,,,,,,0,,,,0,,,,,0,,0,0,,,0,,,,,,,,,,,,0,,,,,,,0,0,0,0,0,0,,,0,0,0,,,,,,12,,,,,,0,0,0,0,0,0,0,,,,,0,,,0,,0,,,,,,,,,,,,,,,,,,,,,0,,,,
12/14/2015,1Z091YW70394588483,ME,4938,0,8,INF,3,Ground Residential Third Party,0,,,,,,,,,,,,,,,,,,,,,,,,,,,,,,,,,,,,,,,,,,,,,,,,0,,,,0,,,,,0,,0,0,,,0,,,,,,,,,,,,0,,,,,,,0,0,0,0,0,0,,,0,0,0,,,,,,12,,,,,,0,0,0,0,0,0,0,,,,,0,,,0,,0,,,,,,,,,,,,,,,,,,,,,0,,,22.0x 15.0x 15.0,I
12/14/2015,1Z091YW70393624364,FL,33126,15,8,FRT,3,Ground Residential Third Party,11.98,,,,,,,,,,,,,,,,,,,,,,,,,,,,,,,,,,,,,,,,,,,,,,,,0,,,,0,,,,,0,,0,0,,,0,,,,,,,,,,,,0,,,,,,,0,0,0,0,0,0,,,0,0,0,,,,,,12,,,,,,0,0,0,0,0,0,0,,,,,0,,,0,,0,,,,,,,,,,,,,,,,,,,,,0,,,,
12/14/2015,1Z091YW70393624364,FL,33126,0,8,ACC,RES,Residential Surcharge,2.01,,,,,,,,,,,,,,,,,,,,,,,,,,,,,,,,,,,,,,,,,,,,,,,,0,,,,0,,,,,0,,0,0,,,0,,,,,,,,,,,,0,,,,,,,0,0,0,0,0,0,,,0,0,0,,,,,,12,,,,,,0,0,0,0,0,0,0,,,,,0,,,0,,0,,,,,,,,,,,,,,,,,,,,,0,,,,
12/14/2015,1Z091YW70393624364,FL,33126,0,8,FSC,FSC,Fuel Surcharge,0.74,,,,,,,,,,,,,,,,,,,,,,,,,,,,,,,,,,,,,,,,,,,,,,,,0,,,,0,,,,,0,,0,0,,,0,,,,,,,,,,,,0,,,,,,,0,0,0,0,0,0,,,0,0,0,,,,,,12,,,,,,0,0,0,0,0,0,0,,,,,0,,,0,,0,,,,,,,,,,,,,,,,,,,,,0,,,,
12/14/2015,1Z091YW70393624364,FL,33126,0,8,INF,3,Ground Residential Third Party,0,,,,,,,,,,,,,,,,,,,,,,,,,,,,,,,,,,,,,,,,,,,,,,,,0,,,,0,,,,,0,,0,0,,,0,,,,,,,,,,,,0,,,,,,,0,0,0,0,0,0,,,0,0,0,,,,,,12,,,,,,0,0,0,0,0,0,0,,,,,0,,,0,,0,,,,,,,,,,,,,,,,,,,,,0,,,23.0x 12.0x  9.0,I
12/15/2015,1Z091YW70399019463,LA,71459,10,7,FRT,3,Ground Residential Third Party,8.39,,,,,,,,,,,,,,,,,,,,,,,,,,,,,,,,,,,,,,,,,,,,,,,,0,,,,0,,,,,0,,0,0,,,0,,,,,,,,,,,,0,,,,,,,0,0,0,0,0,0,,,0,0,0,,,,,,12,,,,,,0,0,0,0,0,0,0,,,,,0,,,0,,0,,,,,,,,,,,,,,,,,,,,,0,,,,
12/15/2015,1Z091YW70399019463,LA,71459,0,7,ACC,RES,Residential Surcharge,2.01,,,,,,,,,,,,,,,,,,,,,,,,,,,,,,,,,,,,,,,,,,,,,,,,0,,,,0,,,,,0,,0,0,,,0,,,,,,,,,,,,0,,,,,,,0,0,0,0,0,0,,,0,0,0,,,,,,12,,,,,,0,0,0,0,0,0,0,,,,,0,,,0,,0,,,,,,,,,,,,,,,,,,,,,0,,,,
12/15/2015,1Z091YW70399019463,LA,71459,0,7,ACC,RDR,Delivery Area Surcharge,3,,,,,,,,,,,,,,,,,,,,,,,,,,,,,,,,,,,,,,,,,,,,,,,,0,,,,0,,,,,0,,0,0,,,0,,,,,,,,,,,,0,,,,,,,0,0,0,0,0,0,,,0,0,0,,,,,,12,,,,,,0,0,0,0,0,0,0,,,,,0,,,0,,0,,,,,,,,,,,,,,,,,,,,,0,,,,
12/15/2015,1Z091YW70399019463,LA,71459,0,7,FSC,FSC,Fuel Surcharge,0.7,,,,,,,,,,,,,,,,,,,,,,,,,,,,,,,,,,,,,,,,,,,,,,,,0,,,,0,,,,,0,,0,0,,,0,,,,,,,,,,,,0,,,,,,,0,0,0,0,0,0,,,0,0,0,,,,,,12,,,,,,0,0,0,0,0,0,0,,,,,0,,,0,,0,,,,,,,,,,,,,,,,,,,,,0,,,,
12/15/2015,1Z091YW70399019463,LA,71459,0,7,INF,3,Ground Residential Third Party,0,,,,,,,,,,,,,,,,,,,,,,,,,,,,,,,,,,,,,,,,,,,,,,,,0,,,,0,,,,,0,,0,0,,,0,,,,,,,,,,,,0,,,,,,,0,0,0,0,0,0,,,0,0,0,,,,,,12,,,,,,0,0,0,0,0,0,0,,,,,0,,,0,,0,,,,,,,,,,,,,,,,,,,,,0,,,15.0x 12.0x  9.0,I
12/15/2015,1Z091YW70395052479,NY,11413,10,8,FRT,3,Ground Commercial Third Party,8.99,,,,,,,,,,,,,,,,,,,,,,,,,,,,,,,,,,,,,,,,,,,,,,,,0,,,,0,,,,,0,,0,0,,,0,,,,,,,,,,,,0,,,,,,,0,0,0,0,0,0,,,0,0,0,,,,,,12,,,,,,0,0,0,0,0,0,0,,,,,0,,,0,,0,,,,,,,,,,,,,,,,,,,,,0,,,,
12/15/2015,1Z091YW70395052479,NY,11413,0,8,FSC,FSC,Fuel Surcharge,0.47,,,,,,,,,,,,,,,,,,,,,,,,,,,,,,,,,,,,,,,,,,,,,,,,0,,,,0,,,,,0,,0,0,,,0,,,,,,,,,,,,0,,,,,,,0,0,0,0,0,0,,,0,0,0,,,,,,12,,,,,,0,0,0,0,0,0,0,,,,,0,,,0,,0,,,,,,,,,,,,,,,,,,,,,0,,,,
12/15/2015,1Z091YW70395052479,NY,11413,0,8,INF,3,Ground Commercial Third Party,0,,,,,,,,,,,,,,,,,,,,,,,,,,,,,,,,,,,,,,,,,,,,,,,,0,,,,0,,,,,0,,0,0,,,0,,,,,,,,,,,,0,,,,,,,0,0,0,0,0,0,,,0,0,0,,,,,,12,,,,,,0,0,0,0,0,0,0,,,,,0,,,0,,0,,,,,,,,,,,,,,,,,,,,,0,,,15.0x 12.0x  9.0,I
12/15/2015,1Z091YW70396736283,LA,70592,8,7,FRT,3,Ground Residential Third Party,7.55,,,,,,,,,,,,,,,,,,,,,,,,,,,,,,,,,,,,,,,,,,,,,,,,0,,,,0,,,,,0,,0,0,,,0,,,,,,,,,,,,0,,,,,,,0,0,0,0,0,0,,,0,0,0,,,,,,12,,,,,,0,0,0,0,0,0,0,,,,,0,,,0,,0,,,,,,,,,,,,,,,,,,,,,0,,,,
12/15/2015,1Z091YW70396736283,LA,70592,0,7,ACC,RES,Residential Surcharge,2.01,,,,,,,,,,,,,,,,,,,,,,,,,,,,,,,,,,,,,,,,,,,,,,,,0,,,,0,,,,,0,,0,0,,,0,,,,,,,,,,,,0,,,,,,,0,0,0,0,0,0,,,0,0,0,,,,,,12,,,,,,0,0,0,0,0,0,0,,,,,0,,,0,,0,,,,,,,,,,,,,,,,,,,,,0,,,,
12/15/2015,1Z091YW70396736283,LA,70592,0,7,FSC,FSC,Fuel Surcharge,0.5,,,,,,,,,,,,,,,,,,,,,,,,,,,,,,,,,,,,,,,,,,,,,,,,0,,,,0,,,,,0,,0,0,,,0,,,,,,,,,,,,0,,,,,,,0,0,0,0,0,0,,,0,0,0,,,,,,12,,,,,,0,0,0,0,0,0,0,,,,,0,,,0,,0,,,,,,,,,,,,,,,,,,,,,0,,,,
12/15/2015,1Z091YW70396632304,WI,53024,30,7,FRT,3,Ground Residential Third Party,17.69,,,,,,,,,,,,,,,,,,,,,,,,,,,,,,,,,,,,,,,,,,,,,,,,0,,,,0,,,,,0,,0,0,,,0,,,,,,,,,,,,0,,,,,,,0,0,0,0,0,0,,,0,0,0,,,,,,12,,,,,,0,0,0,0,0,0,0,,,,,0,,,0,,0,,,,,,,,,,,,,,,,,,,,,0,,,,
12/15/2015,1Z091YW70396632304,WI,53024,0,7,ACC,RES,Residential Surcharge,2.01,,,,,,,,,,,,,,,,,,,,,,,,,,,,,,,,,,,,,,,,,,,,,,,,0,,,,0,,,,,0,,0,0,,,0,,,,,,,,,,,,0,,,,,,,0,0,0,0,0,0,,,0,0,0,,,,,,12,,,,,,0,0,0,0,0,0,0,,,,,0,,,0,,0,,,,,,,,,,,,,,,,,,,,,0,,,,
12/15/2015,1Z091YW70396632304,WI,53024,0,7,FSC,FSC,Fuel Surcharge,1.03,,,,,,,,,,,,,,,,,,,,,,,,,,,,,,,,,,,,,,,,,,,,,,,,0,,,,0,,,,,0,,0,0,,,0,,,,,,,,,,,,0,,,,,,,0,0,0,0,0,0,,,0,0,0,,,,,,12,,,,,,0,0,0,0,0,0,0,,,,,0,,,0,,0,,,,,,,,,,,,,,,,,,,,,0,,,,
12/15/2015,1Z091YW70396632304,WI,53024,0,7,INF,3,Ground Residential Third Party,0,,,,,,,,,,,,,,,,,,,,,,,,,,,,,,,,,,,,,,,,,,,,,,,,0,,,,0,,,,,0,,0,0,,,0,,,,,,,,,,,,0,,,,,,,0,0,0,0,0,0,,,0,0,0,,,,,,12,,,,,,0,0,0,0,0,0,0,,,,,0,,,0,,0,,,,,,,,,,,,,,,,,,,,,0,,,22.0x 15.0x 15.0,I
12/15/2015,1Z091YW70399532514,WA,98383,30,5,FRT,3,Ground Residential Third Party,12.23,,,,,,,,,,,,,,,,,,,,,,,,,,,,,,,,,,,,,,,,,,,,,,,,0,,,,0,,,,,0,,0,0,,,0,,,,,,,,,,,,0,,,,,,,0,0,0,0,0,0,,,0,0,0,,,,,,12,,,,,,0,0,0,0,0,0,0,,,,,0,,,0,,0,,,,,,,,,,,,,,,,,,,,,0,,,,
12/15/2015,1Z091YW70399532514,WA,98383,0,5,ACC,RES,Residential Surcharge,2.01,,,,,,,,,,,,,,,,,,,,,,,,,,,,,,,,,,,,,,,,,,,,,,,,0,,,,0,,,,,0,,0,0,,,0,,,,,,,,,,,,0,,,,,,,0,0,0,0,0,0,,,0,0,0,,,,,,12,,,,,,0,0,0,0,0,0,0,,,,,0,,,0,,0,,,,,,,,,,,,,,,,,,,,,0,,,,
12/15/2015,1Z091YW70399532514,WA,98383,0,5,FSC,FSC,Fuel Surcharge,0.75,,,,,,,,,,,,,,,,,,,,,,,,,,,,,,,,,,,,,,,,,,,,,,,,0,,,,0,,,,,0,,0,0,,,0,,,,,,,,,,,,0,,,,,,,0,0,0,0,0,0,,,0,0,0,,,,,,12,,,,,,0,0,0,0,0,0,0,,,,,0,,,0,,0,,,,,,,,,,,,,,,,,,,,,0,,,,
12/15/2015,1Z091YW70399532514,WA,98383,0,5,INF,3,Ground Residential Third Party,0,,,,,,,,,,,,,,,,,,,,,,,,,,,,,,,,,,,,,,,,,,,,,,,,0,,,,0,,,,,0,,0,0,,,0,,,,,,,,,,,,0,,,,,,,0,0,0,0,0,0,,,0,0,0,,,,,,12,,,,,,0,0,0,0,0,0,0,,,,,0,,,0,,0,,,,,,,,,,,,,,,,,,,,,0,,,22.0x 15.0x 15.0,I
12/15/2015,1Z091YW70399659521,MO,63077,30,7,FRT,3,Ground Residential Third Party,17.69,,,,,,,,,,,,,,,,,,,,,,,,,,,,,,,,,,,,,,,,,,,,,,,,0,,,,0,,,,,0,,0,0,,,0,,,,,,,,,,,,0,,,,,,,0,0,0,0,0,0,,,0,0,0,,,,,,12,,,,,,0,0,0,0,0,0,0,,,,,0,,,0,,0,,,,,,,,,,,,,,,,,,,,,0,,,,
12/15/2015,1Z091YW70399659521,MO,63077,0,7,ACC,RES,Residential Surcharge,2.01,,,,,,,,,,,,,,,,,,,,,,,,,,,,,,,,,,,,,,,,,,,,,,,,0,,,,0,,,,,0,,0,0,,,0,,,,,,,,,,,,0,,,,,,,0,0,0,0,0,0,,,0,0,0,,,,,,12,,,,,,0,0,0,0,0,0,0,,,,,0,,,0,,0,,,,,,,,,,,,,,,,,,,,,0,,,,
12/15/2015,1Z091YW70399659521,MO,63077,0,7,ACC,LDR,Delivery Area Surcharge - Extended,3.8,,,,,,,,,,,,,,,,,,,,,,,,,,,,,,,,,,,,,,,,,,,,,,,,0,,,,0,,,,,0,,0,0,,,0,,,,,,,,,,,,0,,,,,,,0,0,0,0,0,0,,,0,0,0,,,,,,12,,,,,,0,0,0,0,0,0,0,,,,,0,,,0,,0,,,,,,,,,,,,,,,,,,,,,0,,,,
12/15/2015,1Z091YW70399659521,MO,63077,0,7,FSC,FSC,Fuel Surcharge,1.23,,,,,,,,,,,,,,,,,,,,,,,,,,,,,,,,,,,,,,,,,,,,,,,,0,,,,0,,,,,0,,0,0,,,0,,,,,,,,,,,,0,,,,,,,0,0,0,0,0,0,,,0,0,0,,,,,,12,,,,,,0,0,0,0,0,0,0,,,,,0,,,0,,0,,,,,,,,,,,,,,,,,,,,,0,,,,
12/15/2015,1Z091YW70399659521,MO,63077,0,7,INF,3,Ground Residential Third Party,0,,,,,,,,,,,,,,,,,,,,,,,,,,,,,,,,,,,,,,,,,,,,,,,,0,,,,0,,,,,0,,0,0,,,0,,,,,,,,,,,,0,,,,,,,0,0,0,0,0,0,,,0,0,0,,,,,,12,,,,,,0,0,0,0,0,0,0,,,,,0,,,0,,0,,,,,,,,,,,,,,,,,,,,,0,,,22.0x 15.0x 15.0,I
12/15/2015,1Z091YW70396957339,TX,77093,16,6,FRT,3,Ground Residential Third Party,9.14,,,,,,,,,,,,,,,,,,,,,,,,,,,,,,,,,,,,,,,,,,,,,,,,0,,,,0,,,,,0,,0,0,,,0,,,,,,,,,,,,0,,,,,,,0,0,0,0,0,0,,,0,0,0,,,,,,12,,,,,,0,0,0,0,0,0,0,,,,,0,,,0,,0,,,,,,,,,,,,,,,,,,,,,0,,,,
12/15/2015,1Z091YW70396957339,TX,77093,0,6,ACC,RES,Residential Surcharge,2.01,,,,,,,,,,,,,,,,,,,,,,,,,,,,,,,,,,,,,,,,,,,,,,,,0,,,,0,,,,,0,,0,0,,,0,,,,,,,,,,,,0,,,,,,,0,0,0,0,0,0,,,0,0,0,,,,,,12,,,,,,0,0,0,0,0,0,0,,,,,0,,,0,,0,,,,,,,,,,,,,,,,,,,,,0,,,,
12/15/2015,1Z091YW70396957339,TX,77093,0,6,FSC,FSC,Fuel Surcharge,0.59,,,,,,,,,,,,,,,,,,,,,,,,,,,,,,,,,,,,,,,,,,,,,,,,0,,,,0,,,,,0,,0,0,,,0,,,,,,,,,,,,0,,,,,,,0,0,0,0,0,0,,,0,0,0,,,,,,12,,,,,,0,0,0,0,0,0,0,,,,,0,,,0,,0,,,,,,,,,,,,,,,,,,,,,0,,,,
12/15/2015,1Z091YW70393648008,TX,77573,28,6,FRT,3,Ground Residential Third Party,13,,,,,,,,,,,,,,,,,,,,,,,,,,,,,,,,,,,,,,,,,,,,,,,,0,,,,0,,,,,0,,0,0,,,0,,,,,,,,,,,,0,,,,,,,0,0,0,0,0,0,,,0,0,0,,,,,,12,,,,,,0,0,0,0,0,0,0,,,,,0,,,0,,0,,,,,,,,,,,,,,,,,,,,,0,,,,
12/15/2015,1Z091YW70393648008,TX,77573,0,6,ACC,RES,Residential Surcharge,2.01,,,,,,,,,,,,,,,,,,,,,,,,,,,,,,,,,,,,,,,,,,,,,,,,0,,,,0,,,,,0,,0,0,,,0,,,,,,,,,,,,0,,,,,,,0,0,0,0,0,0,,,0,0,0,,,,,,12,,,,,,0,0,0,0,0,0,0,,,,,0,,,0,,0,,,,,,,,,,,,,,,,,,,,,0,,,,
12/15/2015,1Z091YW70393648008,TX,77573,0,6,FSC,FSC,Fuel Surcharge,0.79,,,,,,,,,,,,,,,,,,,,,,,,,,,,,,,,,,,,,,,,,,,,,,,,0,,,,0,,,,,0,,0,0,,,0,,,,,,,,,,,,0,,,,,,,0,0,0,0,0,0,,,0,0,0,,,,,,12,,,,,,0,0,0,0,0,0,0,,,,,0,,,0,,0,,,,,,,,,,,,,,,,,,,,,0,,,,
12/15/2015,1Z091YW70393648008,TX,77573,0,6,INF,3,Ground Residential Third Party,0,,,,,,,,,,,,,,,,,,,,,,,,,,,,,,,,,,,,,,,,,,,,,,,,0,,,,0,,,,,0,,0,0,,,0,,,,,,,,,,,,0,,,,,,,0,0,0,0,0,0,,,0,0,0,,,,,,12,,,,,,0,0,0,0,0,0,0,,,,,0,,,0,,0,,,,,,,,,,,,,,,,,,,,,0,,,21.0x 14.0x 14.0,I
12/15/2015,1Z091YW70394642842,IN,47452,55,7,FRT,3,Ground Residential Third Party,20.79,,,,,,,,,,,,,,,,,,,,,,,,,,,,,,,,,,,,,,,,,,,,,,,,0,,,,0,,,,,0,,0,0,,,0,,,,,,,,,,,,0,,,,,,,0,0,0,0,0,0,,,0,0,0,,,,,,12,,,,,,0,0,0,0,0,0,0,,,,,0,,,0,,0,,,,,,,,,,,,,,,,,,,,,0,,,,
12/15/2015,1Z091YW70394642842,IN,47452,0,7,ACC,RES,Residential Surcharge,2.01,,,,,,,,,,,,,,,,,,,,,,,,,,,,,,,,,,,,,,,,,,,,,,,,0,,,,0,,,,,0,,0,0,,,0,,,,,,,,,,,,0,,,,,,,0,0,0,0,0,0,,,0,0,0,,,,,,12,,,,,,0,0,0,0,0,0,0,,,,,0,,,0,,0,,,,,,,,,,,,,,,,,,,,,0,,,,
12/15/2015,1Z091YW70394642842,IN,47452,0,7,ACC,LDR,Delivery Area Surcharge - Extended,3.8,,,,,,,,,,,,,,,,,,,,,,,,,,,,,,,,,,,,,,,,,,,,,,,,0,,,,0,,,,,0,,0,0,,,0,,,,,,,,,,,,0,,,,,,,0,0,0,0,0,0,,,0,0,0,,,,,,12,,,,,,0,0,0,0,0,0,0,,,,,0,,,0,,0,,,,,,,,,,,,,,,,,,,,,0,,,,
12/15/2015,1Z091YW70394642842,IN,47452,0,7,FSC,FSC,Fuel Surcharge,1.4,,,,,,,,,,,,,,,,,,,,,,,,,,,,,,,,,,,,,,,,,,,,,,,,0,,,,0,,,,,0,,0,0,,,0,,,,,,,,,,,,0,,,,,,,0,0,0,0,0,0,,,0,0,0,,,,,,12,,,,,,0,0,0,0,0,0,0,,,,,0,,,0,,0,,,,,,,,,,,,,,,,,,,,,0,,,,
12/15/2015,1Z091YW70394642842,IN,47452,0,7,INF,3,Ground Residential Third Party,0,,,,,,,,,,,,,,,,,,,,,,,,,,,,,,,,,,,,,,,,,,,,,,,,0,,,,0,,,,,0,,0,0,,,0,,,,,,,,,,,,0,,,,,,,0,0,0,0,0,0,,,0,0,0,,,,,,12,,,,,,0,0,0,0,0,0,0,,,,,0,,,0,,0,,,,,,,,,,,,,,,,,,,,,0,,,21.0x 21.0x 14.0,I
12/15/2015,1Z091YW70392895789,ME,4606,30,8,FRT,3,Ground Residential Third Party,21.05,,,,,,,,,,,,,,,,,,,,,,,,,,,,,,,,,,,,,,,,,,,,,,,,0,,,,0,,,,,0,,0,0,,,0,,,,,,,,,,,,0,,,,,,,0,0,0,0,0,0,,,0,0,0,,,,,,12,,,,,,0,0,0,0,0,0,0,,,,,0,,,0,,0,,,,,,,,,,,,,,,,,,,,,0,,,,
12/15/2015,1Z091YW70392895789,ME,4606,0,8,ACC,RES,Residential Surcharge,2.01,,,,,,,,,,,,,,,,,,,,,,,,,,,,,,,,,,,,,,,,,,,,,,,,0,,,,0,,,,,0,,0,0,,,0,,,,,,,,,,,,0,,,,,,,0,0,0,0,0,0,,,0,0,0,,,,,,12,,,,,,0,0,0,0,0,0,0,,,,,0,,,0,,0,,,,,,,,,,,,,,,,,,,,,0,,,,
12/15/2015,1Z091YW70392895789,ME,4606,0,8,ACC,LDR,Delivery Area Surcharge - Extended,3.8,,,,,,,,,,,,,,,,,,,,,,,,,,,,,,,,,,,,,,,,,,,,,,,,0,,,,0,,,,,0,,0,0,,,0,,,,,,,,,,,,0,,,,,,,0,0,0,0,0,0,,,0,0,0,,,,,,12,,,,,,0,0,0,0,0,0,0,,,,,0,,,0,,0,,,,,,,,,,,,,,,,,,,,,0,,,,
12/15/2015,1Z091YW70392895789,ME,4606,0,8,FSC,FSC,Fuel Surcharge,1.41,,,,,,,,,,,,,,,,,,,,,,,,,,,,,,,,,,,,,,,,,,,,,,,,0,,,,0,,,,,0,,0,0,,,0,,,,,,,,,,,,0,,,,,,,0,0,0,0,0,0,,,0,0,0,,,,,,12,,,,,,0,0,0,0,0,0,0,,,,,0,,,0,,0,,,,,,,,,,,,,,,,,,,,,0,,,,
12/15/2015,1Z091YW70392895789,ME,4606,0,8,INF,3,Ground Residential Third Party,0,,,,,,,,,,,,,,,,,,,,,,,,,,,,,,,,,,,,,,,,,,,,,,,,0,,,,0,,,,,0,,0,0,,,0,,,,,,,,,,,,0,,,,,,,0,0,0,0,0,0,,,0,0,0,,,,,,12,,,,,,0,0,0,0,0,0,0,,,,,0,,,0,,0,,,,,,,,,,,,,,,,,,,,,0,,,22.0x 15.0x 15.0,I
12/16/2015,1Z091YW70395889941,TX,75939,30,6,FRT,3,Ground Commercial Third Party,14.75,,,,,,,,,,,,,,,,,,,,,,,,,,,,,,,,,,,,,,,,,,,,,,,,0,,,,0,,,,,0,,0,0,,,0,,,,,,,,,,,,0,,,,,,,0,0,0,0,0,0,,,0,0,0,,,,,,12,,,,,,0,0,0,0,0,0,0,,,,,0,,,0,,0,,,,,,,,,,,,,,,,,,,,,0,,,,
12/16/2015,1Z091YW70395889941,TX,75939,0,6,ACC,RES,Residential Surcharge,2.01,,,,,,,,,,,,,,,,,,,,,,,,,,,,,,,,,,,,,,,,,,,,,,,,,,,,,,,,,,,,,,,,,,,,,,,,,,,,,,,,,,,,,,,,,,,,,,,,,,,,,,,,,,,,,,,,,,,,,,,,,,,,,,,,,,,,,,,,,,,,,,,,,
12/16/2015,1Z091YW70395889941,TX,75939,0,6,ACC,LDC,Delivery Area Surcharge - Extended,2.2,,,,,,,,,,,,,,,,,,,,,,,,,,,,,,,,,,,,,,,,,,,,,,,,0,,,,0,,,,,0,,0,0,,,0,,,,,,,,,,,,0,,,,,,,0,0,0,0,0,0,,,0,0,0,,,,,,12,,,,,,0,0,0,0,0,0,0,,,,,0,,,0,,0,,,,,,,,,,,,,,,,,,,,,0,,,,
12/16/2015,1Z091YW70395889941,TX,75939,0,6,FSC,FSC,Fuel Surcharge,0.89,,,,,,,,,,,,,,,,,,,,,,,,,,,,,,,,,,,,,,,,,,,,,,,,0,,,,0,,,,,0,,0,0,,,0,,,,,,,,,,,,0,,,,,,,0,0,0,0,0,0,,,0,0,0,,,,,,12,,,,,,0,0,0,0,0,0,0,,,,,0,,,0,,0,,,,,,,,,,,,,,,,,,,,,0,,,,
12/16/2015,1Z091YW70395889941,TX,75939,0,6,INF,3,Ground Commercial Third Party,0,,,,,,,,,,,,,,,,,,,,,,,,,,,,,,,,,,,,,,,,,,,,,,,,0,,,,0,,,,,0,,0,0,,,0,,,,,,,,,,,,0,,,,,,,0,0,0,0,0,0,,,0,0,0,,,,,,12,,,,,,0,0,0,0,0,0,0,,,,,0,,,0,,0,,,,,,,,,,,,,,,,,,,,,0,,,22.0x 15.0x 15.0,I
12/16/2015,1Z091YW70396715564,GA,30022,30,8,FRT,3,Ground Residential Third Party,21.05,,,,,,,,,,,,,,,,,,,,,,,,,,,,,,,,,,,,,,,,,,,,,,,,0,,,,0,,,,,0,,0,0,,,0,,,,,,,,,,,,0,,,,,,,0,0,0,0,0,0,,,0,0,0,,,,,,12,,,,,,0,0,0,0,0,0,0,,,,,0,,,0,,0,,,,,,,,,,,,,,,,,,,,,0,,,,
12/16/2015,1Z091YW70396715564,GA,30022,0,8,ACC,RES,Residential Surcharge,2.01,,,,,,,,,,,,,,,,,,,,,,,,,,,,,,,,,,,,,,,,,,,,,,,,0,,,,0,,,,,0,,0,0,,,0,,,,,,,,,,,,0,,,,,,,0,0,0,0,0,0,,,0,0,0,,,,,,12,,,,,,0,0,0,0,0,0,0,,,,,0,,,0,,0,,,,,,,,,,,,,,,,,,,,,0,,,,
12/16/2015,1Z091YW70396715564,GA,30022,0,8,FSC,FSC,Fuel Surcharge,1.21,,,,,,,,,,,,,,,,,,,,,,,,,,,,,,,,,,,,,,,,,,,,,,,,0,,,,0,,,,,0,,0,0,,,0,,,,,,,,,,,,0,,,,,,,0,0,0,0,0,0,,,0,0,0,,,,,,12,,,,,,0,0,0,0,0,0,0,,,,,0,,,0,,0,,,,,,,,,,,,,,,,,,,,,0,,,,
12/16/2015,1Z091YW70396715564,GA,30022,0,8,INF,3,Ground Residential Third Party,0,,,,,,,,,,,,,,,,,,,,,,,,,,,,,,,,,,,,,,,,,,,,,,,,0,,,,0,,,,,0,,0,0,,,0,,,,,,,,,,,,0,,,,,,,0,0,0,0,0,0,,,0,0,0,,,,,,12,,,,,,0,0,0,0,0,0,0,,,,,0,,,0,,0,,,,,,,,,,,,,,,,,,,,,0,,,22.0x 15.0x 15.0,I
12/16/2015,1Z091YW70399536574,OK,73055,30,6,FRT,3,Ground Commercial Third Party,14.75,,,,,,,,,,,,,,,,,,,,,,,,,,,,,,,,,,,,,,,,,,,,,,,,0,,,,0,,,,,0,,0,0,,,0,,,,,,,,,,,,0,,,,,,,0,0,0,0,0,0,,,0,0,0,,,,,,12,,,,,,0,0,0,0,0,0,0,,,,,0,,,0,,0,,,,,,,,,,,,,,,,,,,,,0,,,,
12/16/2015,1Z091YW70399536574,OK,73055,0,6,ACC,RES,Residential Surcharge,2.01,,,,,,,,,,,,,,,,,,,,,,,,,,,,,,,,,,,,,,,,,,,,,,,,,,,,,,,,,,,,,,,,,,,,,,,,,,,,,,,,,,,,,,,,,,,,,,,,,,,,,,,,,,,,,,,,,,,,,,,,,,,,,,,,,,,,,,,,,,,,,,,,,
12/16/2015,1Z091YW70399536574,OK,73055,0,6,ACC,LDC,Delivery Area Surcharge - Extended,2.2,,,,,,,,,,,,,,,,,,,,,,,,,,,,,,,,,,,,,,,,,,,,,,,,0,,,,0,,,,,0,,0,0,,,0,,,,,,,,,,,,0,,,,,,,0,0,0,0,0,0,,,0,0,0,,,,,,12,,,,,,0,0,0,0,0,0,0,,,,,0,,,0,,0,,,,,,,,,,,,,,,,,,,,,0,,,,
12/16/2015,1Z091YW70399536574,OK,73055,0,6,FSC,FSC,Fuel Surcharge,0.89,,,,,,,,,,,,,,,,,,,,,,,,,,,,,,,,,,,,,,,,,,,,,,,,0,,,,0,,,,,0,,0,0,,,0,,,,,,,,,,,,0,,,,,,,0,0,0,0,0,0,,,0,0,0,,,,,,12,,,,,,0,0,0,0,0,0,0,,,,,0,,,0,,0,,,,,,,,,,,,,,,,,,,,,0,,,,
12/16/2015,1Z091YW70399536574,OK,73055,0,6,INF,3,Ground Commercial Third Party,0,,,,,,,,,,,,,,,,,,,,,,,,,,,,,,,,,,,,,,,,,,,,,,,,0,,,,0,,,,,0,,0,0,,,0,,,,,,,,,,,,0,,,,,,,0,0,0,0,0,0,,,0,0,0,,,,,,12,,,,,,0,0,0,0,0,0,0,,,,,0,,,0,,0,,,,,,,,,,,,,,,,,,,,,0,,,22.0x 15.0x 15.0,I
12/16/2015,1Z091YW70399048388,TN,38040,30,7,FRT,3,Ground Residential Third Party,17.69,,,,,,,,,,,,,,,,,,,,,,,,,,,,,,,,,,,,,,,,,,,,,,,,0,,,,0,,,,,0,,0,0,,,0,,,,,,,,,,,,0,,,,,,,0,0,0,0,0,0,,,0,0,0,,,,,,12,,,,,,0,0,0,0,0,0,0,,,,,0,,,0,,0,,,,,,,,,,,,,,,,,,,,,0,,,,
12/16/2015,1Z091YW70399048388,TN,38040,0,7,ACC,RES,Residential Surcharge,2.01,,,,,,,,,,,,,,,,,,,,,,,,,,,,,,,,,,,,,,,,,,,,,,,,0,,,,0,,,,,0,,0,0,,,0,,,,,,,,,,,,0,,,,,,,0,0,0,0,0,0,,,0,0,0,,,,,,12,,,,,,0,0,0,0,0,0,0,,,,,0,,,0,,0,,,,,,,,,,,,,,,,,,,,,0,,,,
12/16/2015,1Z091YW70399048388,TN,38040,0,7,ACC,LDR,Delivery Area Surcharge - Extended,3.8,,,,,,,,,,,,,,,,,,,,,,,,,,,,,,,,,,,,,,,,,,,,,,,,0,,,,0,,,,,0,,0,0,,,0,,,,,,,,,,,,0,,,,,,,0,0,0,0,0,0,,,0,0,0,,,,,,12,,,,,,0,0,0,0,0,0,0,,,,,0,,,0,,0,,,,,,,,,,,,,,,,,,,,,0,,,,
12/16/2015,1Z091YW70399048388,TN,38040,0,7,FSC,FSC,Fuel Surcharge,1.23,,,,,,,,,,,,,,,,,,,,,,,,,,,,,,,,,,,,,,,,,,,,,,,,0,,,,0,,,,,0,,0,0,,,0,,,,,,,,,,,,0,,,,,,,0,0,0,0,0,0,,,0,0,0,,,,,,12,,,,,,0,0,0,0,0,0,0,,,,,0,,,0,,0,,,,,,,,,,,,,,,,,,,,,0,,,,
12/16/2015,1Z091YW70399048388,TN,38040,0,7,INF,3,Ground Residential Third Party,0,,,,,,,,,,,,,,,,,,,,,,,,,,,,,,,,,,,,,,,,,,,,,,,,0,,,,0,,,,,0,,0,0,,,0,,,,,,,,,,,,0,,,,,,,0,0,0,0,0,0,,,0,0,0,,,,,,12,,,,,,0,0,0,0,0,0,0,,,,,0,,,0,,0,,,,,,,,,,,,,,,,,,,,,0,,,22.0x 15.0x 15.0,I
12/16/2015,1Z091YW70396314998,MN,56557,30,7,FRT,3,Ground Commercial Third Party,14.9,,,,,,,,,,,,,,,,,,,,,,,,,,,,,,,,,,,,,,,,,,,,,,,,0,,,,0,,,,,0,,0,0,,,0,,,,,,,,,,,,0,,,,,,,0,0,0,0,0,0,,,0,0,0,,,,,,12,,,,,,0,0,0,0,0,0,0,,,,,0,,,0,,0,,,,,,,,,,,,,,,,,,,,,0,,,,
12/16/2015,1Z091YW70396314998,MN,56557,0,7,ACC,RES,Residential Surcharge,2.01,,,,,,,,,,,,,,,,,,,,,,,,,,,,,,,,,,,,,,,,,,,,,,,,,,,,,,,,,,,,,,,,,,,,,,,,,,,,,,,,,,,,,,,,,,,,,,,,,,,,,,,,,,,,,,,,,,,,,,,,,,,,,,,,,,,,,,,,,,,,,,,,,
12/16/2015,1Z091YW70396314998,MN,56557,0,7,ACC,LDC,Delivery Area Surcharge - Extended,2.2,,,,,,,,,,,,,,,,,,,,,,,,,,,,,,,,,,,,,,,,,,,,,,,,0,,,,0,,,,,0,,0,0,,,0,,,,,,,,,,,,0,,,,,,,0,0,0,0,0,0,,,0,0,0,,,,,,12,,,,,,0,0,0,0,0,0,0,,,,,0,,,0,,0,,,,,,,,,,,,,,,,,,,,,0,,,,
12/16/2015,1Z091YW70396314998,MN,56557,0,7,FSC,FSC,Fuel Surcharge,0.9,,,,,,,,,,,,,,,,,,,,,,,,,,,,,,,,,,,,,,,,,,,,,,,,0,,,,0,,,,,0,,0,0,,,0,,,,,,,,,,,,0,,,,,,,0,0,0,0,0,0,,,0,0,0,,,,,,12,,,,,,0,0,0,0,0,0,0,,,,,0,,,0,,0,,,,,,,,,,,,,,,,,,,,,0,,,,
12/16/2015,1Z091YW70396314998,MN,56557,0,7,INF,3,Ground Commercial Third Party,0,,,,,,,,,,,,,,,,,,,,,,,,,,,,,,,,,,,,,,,,,,,,,,,,0,,,,0,,,,,0,,0,0,,,0,,,,,,,,,,,,0,,,,,,,0,0,0,0,0,0,,,0,0,0,,,,,,12,,,,,,0,0,0,0,0,0,0,,,,,0,,,0,,0,,,,,,,,,,,,,,,,,,,,,0,,,21.0x 14.0x 14.0,I
12/16/2015,1Z091YW70396520407,OH,45679,30,8,FRT,3,Ground Residential Third Party,21.05,,,,,,,,,,,,,,,,,,,,,,,,,,,,,,,,,,,,,,,,,,,,,,,,0,,,,0,,,,,0,,0,0,,,0,,,,,,,,,,,,0,,,,,,,0,0,0,0,0,0,,,0,0,0,,,,,,12,,,,,,0,0,0,0,0,0,0,,,,,0,,,0,,0,,,,,,,,,,,,,,,,,,,,,0,,,,
12/16/2015,1Z091YW70396520407,OH,45679,0,8,ACC,RES,Residential Surcharge,2.01,,,,,,,,,,,,,,,,,,,,,,,,,,,,,,,,,,,,,,,,,,,,,,,,0,,,,0,,,,,0,,0,0,,,0,,,,,,,,,,,,0,,,,,,,0,0,0,0,0,0,,,0,0,0,,,,,,12,,,,,,0,0,0,0,0,0,0,,,,,0,,,0,,0,,,,,,,,,,,,,,,,,,,,,0,,,,
12/16/2015,1Z091YW70396520407,OH,45679,0,8,ACC,LDR,Delivery Area Surcharge - Extended,3.8,,,,,,,,,,,,,,,,,,,,,,,,,,,,,,,,,,,,,,,,,,,,,,,,0,,,,0,,,,,0,,0,0,,,0,,,,,,,,,,,,0,,,,,,,0,0,0,0,0,0,,,0,0,0,,,,,,12,,,,,,0,0,0,0,0,0,0,,,,,0,,,0,,0,,,,,,,,,,,,,,,,,,,,,0,,,,
12/16/2015,1Z091YW70396520407,OH,45679,0,8,FSC,FSC,Fuel Surcharge,1.41,,,,,,,,,,,,,,,,,,,,,,,,,,,,,,,,,,,,,,,,,,,,,,,,0,,,,0,,,,,0,,0,0,,,0,,,,,,,,,,,,0,,,,,,,0,0,0,0,0,0,,,0,0,0,,,,,,12,,,,,,0,0,0,0,0,0,0,,,,,0,,,0,,0,,,,,,,,,,,,,,,,,,,,,0,,,,
12/16/2015,1Z091YW70396520407,OH,45679,0,8,INF,3,Ground Residential Third Party,0,,,,,,,,,,,,,,,,,,,,,,,,,,,,,,,,,,,,,,,,,,,,,,,,0,,,,0,,,,,0,,0,0,,,0,,,,,,,,,,,,0,,,,,,,0,0,0,0,0,0,,,0,0,0,,,,,,12,,,,,,0,0,0,0,0,0,0,,,,,0,,,0,,0,,,,,,,,,,,,,,,,,,,,,0,,,22.0x 15.0x 15.0,I
12/16/2015,1Z091YW70396009434,MN,56364,30,7,FRT,3,Ground Residential Third Party,17.69,,,,,,,,,,,,,,,,,,,,,,,,,,,,,,,,,,,,,,,,,,,,,,,,0,,,,0,,,,,0,,0,0,,,0,,,,,,,,,,,,0,,,,,,,0,0,0,0,0,0,,,0,0,0,,,,,,12,,,,,,0,0,0,0,0,0,0,,,,,0,,,0,,0,,,,,,,,,,,,,,,,,,,,,0,,,,
12/16/2015,1Z091YW70396009434,MN,56364,0,7,ACC,RES,Residential Surcharge,2.01,,,,,,,,,,,,,,,,,,,,,,,,,,,,,,,,,,,,,,,,,,,,,,,,0,,,,0,,,,,0,,0,0,,,0,,,,,,,,,,,,0,,,,,,,0,0,0,0,0,0,,,0,0,0,,,,,,12,,,,,,0,0,0,0,0,0,0,,,,,0,,,0,,0,,,,,,,,,,,,,,,,,,,,,0,,,,
12/16/2015,1Z091YW70396009434,MN,56364,0,7,ACC,LDR,Delivery Area Surcharge - Extended,3.8,,,,,,,,,,,,,,,,,,,,,,,,,,,,,,,,,,,,,,,,,,,,,,,,0,,,,0,,,,,0,,0,0,,,0,,,,,,,,,,,,0,,,,,,,0,0,0,0,0,0,,,0,0,0,,,,,,12,,,,,,0,0,0,0,0,0,0,,,,,0,,,0,,0,,,,,,,,,,,,,,,,,,,,,0,,,,
12/16/2015,1Z091YW70396009434,MN,56364,0,7,FSC,FSC,Fuel Surcharge,1.23,,,,,,,,,,,,,,,,,,,,,,,,,,,,,,,,,,,,,,,,,,,,,,,,0,,,,0,,,,,0,,0,0,,,0,,,,,,,,,,,,0,,,,,,,0,0,0,0,0,0,,,0,0,0,,,,,,12,,,,,,0,0,0,0,0,0,0,,,,,0,,,0,,0,,,,,,,,,,,,,,,,,,,,,0,,,,
12/16/2015,1Z091YW70396009434,MN,56364,0,7,INF,3,Ground Residential Third Party,0,,,,,,,,,,,,,,,,,,,,,,,,,,,,,,,,,,,,,,,,,,,,,,,,0,,,,0,,,,,0,,0,0,,,0,,,,,,,,,,,,0,,,,,,,0,0,0,0,0,0,,,0,0,0,,,,,,12,,,,,,0,0,0,0,0,0,0,,,,,0,,,0,,0,,,,,,,,,,,,,,,,,,,,,0,,,22.0x 15.0x 15.0,I
12/16/2015,1Z091YW70396210046,TX,76426,30,6,FRT,3,Ground Commercial Third Party,14.75,,,,,,,,,,,,,,,,,,,,,,,,,,,,,,,,,,,,,,,,,,,,,,,,0,,,,0,,,,,0,,0,0,,,0,,,,,,,,,,,,0,,,,,,,0,0,0,0,0,0,,,0,0,0,,,,,,12,,,,,,0,0,0,0,0,0,0,,,,,0,,,0,,0,,,,,,,,,,,,,,,,,,,,,0,,,,
12/16/2015,1Z091YW70396210046,TX,76426,0,6,ACC,LDC,Delivery Area Surcharge - Extended,2.2,,,,,,,,,,,,,,,,,,,,,,,,,,,,,,,,,,,,,,,,,,,,,,,,0,,,,0,,,,,0,,0,0,,,0,,,,,,,,,,,,0,,,,,,,0,0,0,0,0,0,,,0,0,0,,,,,,12,,,,,,0,0,0,0,0,0,0,,,,,0,,,0,,0,,,,,,,,,,,,,,,,,,,,,0,,,,
12/16/2015,1Z091YW70396210046,TX,76426,0,6,FSC,FSC,Fuel Surcharge,0.89,,,,,,,,,,,,,,,,,,,,,,,,,,,,,,,,,,,,,,,,,,,,,,,,0,,,,0,,,,,0,,0,0,,,0,,,,,,,,,,,,0,,,,,,,0,0,0,0,0,0,,,0,0,0,,,,,,12,,,,,,0,0,0,0,0,0,0,,,,,0,,,0,,0,,,,,,,,,,,,,,,,,,,,,0,,,,
12/16/2015,1Z091YW70396210046,TX,76426,0,6,INF,3,Ground Commercial Third Party,0,,,,,,,,,,,,,,,,,,,,,,,,,,,,,,,,,,,,,,,,,,,,,,,,0,,,,0,,,,,0,,0,0,,,0,,,,,,,,,,,,0,,,,,,,0,0,0,0,0,0,,,0,0,0,,,,,,12,,,,,,0,0,0,0,0,0,0,,,,,0,,,0,,0,,,,,,,,,,,,,,,,,,,,,0,,,22.0x 15.0x 15.0,I
12/16/2015,1Z091YW70398091663,OH,44460,27,8,FRT,3,Ground Residential Third Party,17.91,,,,,,,,,,,,,,,,,,,,,,,,,,,,,,,,,,,,,,,,,,,,,,,,0,,,,0,,,,,0,,0,0,,,0,,,,,,,,,,,,0,,,,,,,0,0,0,0,0,0,,,0,0,0,,,,,,12,,,,,,0,0,0,0,0,0,0,,,,,0,,,0,,0,,,,,,,,,,,,,,,,,,,,,0,,,,
12/16/2015,1Z091YW70398091663,OH,44460,0,8,ACC,RES,Residential Surcharge,2.01,,,,,,,,,,,,,,,,,,,,,,,,,,,,,,,,,,,,,,,,,,,,,,,,0,,,,0,,,,,0,,0,0,,,0,,,,,,,,,,,,0,,,,,,,0,0,0,0,0,0,,,0,0,0,,,,,,12,,,,,,0,0,0,0,0,0,0,,,,,0,,,0,,0,,,,,,,,,,,,,,,,,,,,,0,,,,
12/16/2015,1Z091YW70398091663,OH,44460,0,8,FSC,FSC,Fuel Surcharge,1.05,,,,,,,,,,,,,,,,,,,,,,,,,,,,,,,,,,,,,,,,,,,,,,,,0,,,,0,,,,,0,,0,0,,,0,,,,,,,,,,,,0,,,,,,,0,0,0,0,0,0,,,0,0,0,,,,,,12,,,,,,0,0,0,0,0,0,0,,,,,0,,,0,,0,,,,,,,,,,,,,,,,,,,,,0,,,,
12/16/2015,1Z091YW70398091663,OH,44460,0,8,INF,3,Ground Residential Third Party,0,,,,,,,,,,,,,,,,,,,,,,,,,,,,,,,,,,,,,,,,,,,,,,,,0,,,,0,,,,,0,,0,0,,,0,,,,,,,,,,,,0,,,,,,,0,0,0,0,0,0,,,0,0,0,,,,,,12,,,,,,0,0,0,0,0,0,0,,,,,0,,,0,,0,,,,,,,,,,,,,,,,,,,,,0,,,21.0x 14.0x 14.0,I
12/16/2015,1Z091YW70397100672,TX,75604,28,6,FRT,3,Ground Residential Third Party,13,,,,,,,,,,,,,,,,,,,,,,,,,,,,,,,,,,,,,,,,,,,,,,,,0,,,,0,,,,,0,,0,0,,,0,,,,,,,,,,,,0,,,,,,,0,0,0,0,0,0,,,0,0,0,,,,,,12,,,,,,0,0,0,0,0,0,0,,,,,0,,,0,,0,,,,,,,,,,,,,,,,,,,,,0,,,,
12/16/2015,1Z091YW70397100672,TX,75604,0,6,ACC,RES,Residential Surcharge,2.01,,,,,,,,,,,,,,,,,,,,,,,,,,,,,,,,,,,,,,,,,,,,,,,,0,,,,0,,,,,0,,0,0,,,0,,,,,,,,,,,,0,,,,,,,0,0,0,0,0,0,,,0,0,0,,,,,,12,,,,,,0,0,0,0,0,0,0,,,,,0,,,0,,0,,,,,,,,,,,,,,,,,,,,,0,,,,
12/16/2015,1Z091YW70397100672,TX,75604,0,6,FSC,FSC,Fuel Surcharge,0.79,,,,,,,,,,,,,,,,,,,,,,,,,,,,,,,,,,,,,,,,,,,,,,,,0,,,,0,,,,,0,,0,0,,,0,,,,,,,,,,,,0,,,,,,,0,0,0,0,0,0,,,0,0,0,,,,,,12,,,,,,0,0,0,0,0,0,0,,,,,0,,,0,,0,,,,,,,,,,,,,,,,,,,,,0,,,,
12/16/2015,1Z091YW70397100672,TX,75604,0,6,INF,3,Ground Residential Third Party,0,,,,,,,,,,,,,,,,,,,,,,,,,,,,,,,,,,,,,,,,,,,,,,,,0,,,,0,,,,,0,,0,0,,,0,,,,,,,,,,,,0,,,,,,,0,0,0,0,0,0,,,0,0,0,,,,,,12,,,,,,0,0,0,0,0,0,0,,,,,0,,,0,,0,,,,,,,,,,,,,,,,,,,,,0,,,21.0x 14.0x 14.0,I
12/16/2015,1Z091YW70395840484,CO,80831,28,5,FRT,3,Ground Residential Third Party,10.6,,,,,,,,,,,,,,,,,,,,,,,,,,,,,,,,,,,,,,,,,,,,,,,,0,,,,0,,,,,0,,0,0,,,0,,,,,,,,,,,,0,,,,,,,0,0,0,0,0,0,,,0,0,0,,,,,,12,,,,,,0,0,0,0,0,0,0,,,,,0,,,0,,0,,,,,,,,,,,,,,,,,,,,,0,,,,
12/16/2015,1Z091YW70395840484,CO,80831,0,5,ACC,RES,Residential Surcharge,2.01,,,,,,,,,,,,,,,,,,,,,,,,,,,,,,,,,,,,,,,,,,,,,,,,0,,,,0,,,,,0,,0,0,,,0,,,,,,,,,,,,0,,,,,,,0,0,0,0,0,0,,,0,0,0,,,,,,12,,,,,,0,0,0,0,0,0,0,,,,,0,,,0,,0,,,,,,,,,,,,,,,,,,,,,0,,,,
12/16/2015,1Z091YW70395840484,CO,80831,0,5,ACC,LDR,Delivery Area Surcharge - Extended,3.8,,,,,,,,,,,,,,,,,,,,,,,,,,,,,,,,,,,,,,,,,,,,,,,,0,,,,0,,,,,0,,0,0,,,0,,,,,,,,,,,,0,,,,,,,0,0,0,0,0,0,,,0,0,0,,,,,,12,,,,,,0,0,0,0,0,0,0,,,,,0,,,0,,0,,,,,,,,,,,,,,,,,,,,,0,,,,
12/16/2015,1Z091YW70395840484,CO,80831,0,5,FSC,FSC,Fuel Surcharge,0.86,,,,,,,,,,,,,,,,,,,,,,,,,,,,,,,,,,,,,,,,,,,,,,,,0,,,,0,,,,,0,,0,0,,,0,,,,,,,,,,,,0,,,,,,,0,0,0,0,0,0,,,0,0,0,,,,,,12,,,,,,0,0,0,0,0,0,0,,,,,0,,,0,,0,,,,,,,,,,,,,,,,,,,,,0,,,,
12/16/2015,1Z091YW70395840484,CO,80831,0,5,INF,3,Ground Residential Third Party,0,,,,,,,,,,,,,,,,,,,,,,,,,,,,,,,,,,,,,,,,,,,,,,,,0,,,,0,,,,,0,,0,0,,,0,,,,,,,,,,,,0,,,,,,,0,0,0,0,0,0,,,0,0,0,,,,,,12,,,,,,0,0,0,0,0,0,0,,,,,0,,,0,,0,,,,,,,,,,,,,,,,,,,,,0,,,21.0x 14.0x 14.0,I
12/16/2015,1Z091YW70398575097,TX,77435,30,6,FRT,3,Ground Commercial Third Party,12.59,,,,,,,,,,,,,,,,,,,,,,,,,,,,,,,,,,,,,,,,,,,,,,,,0,,,,0,,,,,0,,0,0,,,0,,,,,,,,,,,,0,,,,,,,0,0,0,0,0,0,,,0,0,0,,,,,,12,,,,,,0,0,0,0,0,0,0,,,,,0,,,0,,0,,,,,,,,,,,,,,,,,,,,,0,,,,
12/16/2015,1Z091YW70398575097,TX,77435,0,6,ACC,LDC,Delivery Area Surcharge - Extended,2.2,,,,,,,,,,,,,,,,,,,,,,,,,,,,,,,,,,,,,,,,,,,,,,,,0,,,,0,,,,,0,,0,0,,,0,,,,,,,,,,,,0,,,,,,,0,0,0,0,0,0,,,0,0,0,,,,,,12,,,,,,0,0,0,0,0,0,0,,,,,0,,,0,,0,,,,,,,,,,,,,,,,,,,,,0,,,,
12/16/2015,1Z091YW70398575097,TX,77435,0,6,FSC,FSC,Fuel Surcharge,0.78,,,,,,,,,,,,,,,,,,,,,,,,,,,,,,,,,,,,,,,,,,,,,,,,0,,,,0,,,,,0,,0,0,,,0,,,,,,,,,,,,0,,,,,,,0,0,0,0,0,0,,,0,0,0,,,,,,12,,,,,,0,0,0,0,0,0,0,,,,,0,,,0,,0,,,,,,,,,,,,,,,,,,,,,0,,,,
12/16/2015,1Z091YW70398575097,TX,77435,0,6,INF,3,Ground Commercial Third Party,0,,,,,,,,,,,,,,,,,,,,,,,,,,,,,,,,,,,,,,,,,,,,,,,,0,,,,0,,,,,0,,0,0,,,0,,,,,,,,,,,,0,,,,,,,0,0,0,0,0,0,,,0,0,0,,,,,,12,,,,,,0,0,0,0,0,0,0,,,,,0,,,0,,0,,,,,,,,,,,,,,,,,,,,,0,,,21.0x 14.0x 14.0,I
12/16/2015,1Z091YW70396541537,AL,35210,60,7,FRT,3,Ground Commercial Third Party,24.93,,,,,,,,,,,,,,,,,,,,,,,,,,,,,,,,,,,,,,,,,,,,,,,,0,,,,0,,,,,0,,0,0,,,0,,,,,,,,,,,,0,,,,,,,0,0,0,0,0,0,,,0,0,0,,,,,,12,,,,,,0,0,0,0,0,0,0,,,,,0,,,0,,0,,,,,,,,,,,,,,,,,,,,,0,,,,
12/16/2015,1Z091YW70396541537,AL,35210,0,7,FSC,FSC,Fuel Surcharge,1.31,,,,,,,,,,,,,,,,,,,,,,,,,,,,,,,,,,,,,,,,,,,,,,,,0,,,,0,,,,,0,,0,0,,,0,,,,,,,,,,,,0,,,,,,,0,0,0,0,0,0,,,0,0,0,,,,,,12,,,,,,0,0,0,0,0,0,0,,,,,0,,,0,,0,,,,,,,,,,,,,,,,,,,,,0,,,,
12/16/2015,1Z091YW70396541537,AL,35210,0,7,INF,3,Ground Commercial Third Party,0,,,,,,,,,,,,,,,,,,,,,,,,,,,,,,,,,,,,,,,,,,,,,,,,0,,,,0,,,,,0,,0,0,,,0,,,,,,,,,,,,0,,,,,,,0,0,0,0,0,0,,,0,0,0,,,,,,12,,,,,,0,0,0,0,0,0,0,,,,,0,,,0,,0,,,,,,,,,,,,,,,,,,,,,0,,,29.0x 19.0x 18.0,I
12/16/2015,1Z091YW70396410142,TX,77023,38,6,FRT,3,Ground Residential Third Party,17.93,,,,,,,,,,,,,,,,,,,,,,,,,,,,,,,,,,,,,,,,,,,,,,,,0,,,,0,,,,,0,,0,0,,,0,,,,,,,,,,,,0,,,,,,,0,0,0,0,0,0,,,0,0,0,,,,,,12,,,,,,0,0,0,0,0,0,0,,,,,0,,,0,,0,,,,,,,,,,,,,,,,,,,,,0,,,,
12/16/2015,1Z091YW70396410142,TX,77023,0,6,ACC,RES,Residential Surcharge,2.01,,,,,,,,,,,,,,,,,,,,,,,,,,,,,,,,,,,,,,,,,,,,,,,,0,,,,0,,,,,0,,0,0,,,0,,,,,,,,,,,,0,,,,,,,0,0,0,0,0,0,,,0,0,0,,,,,,12,,,,,,0,0,0,0,0,0,0,,,,,0,,,0,,0,,,,,,,,,,,,,,,,,,,,,0,,,,
12/16/2015,1Z091YW70396410142,TX,77023,0,6,FSC,FSC,Fuel Surcharge,1.05,,,,,,,,,,,,,,,,,,,,,,,,,,,,,,,,,,,,,,,,,,,,,,,,0,,,,0,,,,,0,,0,0,,,0,,,,,,,,,,,,0,,,,,,,0,0,0,0,0,0,,,0,0,0,,,,,,12,,,,,,0,0,0,0,0,0,0,,,,,0,,,0,,0,,,,,,,,,,,,,,,,,,,,,0,,,,
12/16/2015,1Z091YW70396410142,TX,77023,0,6,INF,3,Ground Residential Third Party,0,,,,,,,,,,,,,,,,,,,,,,,,,,,,,,,,,,,,,,,,,,,,,,,,0,,,,0,,,,,0,,0,0,,,0,,,,,,,,,,,,0,,,,,,,0,0,0,0,0,0,,,0,0,0,,,,,,12,,,,,,0,0,0,0,0,0,0,,,,,0,,,0,,0,,,,,,,,,,,,,,,,,,,,,0,,,21.0x 21.0x 14.0,I
12/16/2015,1Z091YW70399688508,MS,38751,30,7,FRT,3,Ground Residential Third Party,15.4,,,,,,,,,,,,,,,,,,,,,,,,,,,,,,,,,,,,,,,,,,,,,,,,0,,,,0,,,,,0,,0,0,,,0,,,,,,,,,,,,0,,,,,,,0,0,0,0,0,0,,,0,0,0,,,,,,12,,,,,,0,0,0,0,0,0,0,,,,,0,,,0,,0,,,,,,,,,,,,,,,,,,,,,0,,,,
12/16/2015,1Z091YW70399688508,MS,38751,0,7,ACC,RES,Residential Surcharge,2.01,,,,,,,,,,,,,,,,,,,,,,,,,,,,,,,,,,,,,,,,,,,,,,,,0,,,,0,,,,,0,,0,0,,,0,,,,,,,,,,,,0,,,,,,,0,0,0,0,0,0,,,0,0,0,,,,,,12,,,,,,0,0,0,0,0,0,0,,,,,0,,,0,,0,,,,,,,,,,,,,,,,,,,,,0,,,,
12/16/2015,1Z091YW70399688508,MS,38751,0,7,ACC,LDR,Delivery Area Surcharge - Extended,3.8,,,,,,,,,,,,,,,,,,,,,,,,,,,,,,,,,,,,,,,,,,,,,,,,0,,,,0,,,,,0,,0,0,,,0,,,,,,,,,,,,0,,,,,,,0,0,0,0,0,0,,,0,0,0,,,,,,12,,,,,,0,0,0,0,0,0,0,,,,,0,,,0,,0,,,,,,,,,,,,,,,,,,,,,0,,,,
12/16/2015,1Z091YW70399688508,MS,38751,0,7,FSC,FSC,Fuel Surcharge,1.12,,,,,,,,,,,,,,,,,,,,,,,,,,,,,,,,,,,,,,,,,,,,,,,,0,,,,0,,,,,0,,0,0,,,0,,,,,,,,,,,,0,,,,,,,0,0,0,0,0,0,,,0,0,0,,,,,,12,,,,,,0,0,0,0,0,0,0,,,,,0,,,0,,0,,,,,,,,,,,,,,,,,,,,,0,,,,
12/16/2015,1Z091YW70399688508,MS,38751,0,7,INF,3,Ground Residential Third Party,0,,,,,,,,,,,,,,,,,,,,,,,,,,,,,,,,,,,,,,,,,,,,,,,,0,,,,0,,,,,0,,0,0,,,0,,,,,,,,,,,,0,,,,,,,0,0,0,0,0,0,,,0,0,0,,,,,,12,,,,,,0,0,0,0,0,0,0,,,,,0,,,0,,0,,,,,,,,,,,,,,,,,,,,,0,,,21.0x 14.0x 14.0,I
12/16/2015,1Z091YW70398284713,NJ,8343,32,8,FRT,3,Ground Residential Third Party,21.05,,,,,,,,,,,,,,,,,,,,,,,,,,,,,,,,,,,,,,,,,,,,,,,,0,,,,0,,,,,0,,0,0,,,0,,,,,,,,,,,,0,,,,,,,0,0,0,0,0,0,,,0,0,0,,,,,,12,,,,,,0,0,0,0,0,0,0,,,,,0,,,0,,0,,,,,,,,,,,,,,,,,,,,,0,,,,
12/16/2015,1Z091YW70398284713,NJ,8343,0,8,ACC,RES,Residential Surcharge,2.01,,,,,,,,,,,,,,,,,,,,,,,,,,,,,,,,,,,,,,,,,,,,,,,,0,,,,0,,,,,0,,0,0,,,0,,,,,,,,,,,,0,,,,,,,0,0,0,0,0,0,,,0,0,0,,,,,,12,,,,,,0,0,0,0,0,0,0,,,,,0,,,0,,0,,,,,,,,,,,,,,,,,,,,,0,,,,
12/16/2015,1Z091YW70398284713,NJ,8343,0,8,ACC,RDR,Delivery Area Surcharge,3,,,,,,,,,,,,,,,,,,,,,,,,,,,,,,,,,,,,,,,,,,,,,,,,0,,,,0,,,,,0,,0,0,,,0,,,,,,,,,,,,0,,,,,,,0,0,0,0,0,0,,,0,0,0,,,,,,12,,,,,,0,0,0,0,0,0,0,,,,,0,,,0,,0,,,,,,,,,,,,,,,,,,,,,0,,,,
12/16/2015,1Z091YW70398284713,NJ,8343,0,8,FSC,FSC,Fuel Surcharge,1.37,,,,,,,,,,,,,,,,,,,,,,,,,,,,,,,,,,,,,,,,,,,,,,,,0,,,,0,,,,,0,,0,0,,,0,,,,,,,,,,,,0,,,,,,,0,0,0,0,0,0,,,0,0,0,,,,,,12,,,,,,0,0,0,0,0,0,0,,,,,0,,,0,,0,,,,,,,,,,,,,,,,,,,,,0,,,,
12/16/2015,1Z091YW70398284713,NJ,8343,0,8,INF,3,Ground Residential Third Party,0,,,,,,,,,,,,,,,,,,,,,,,,,,,,,,,,,,,,,,,,,,,,,,,,0,,,,0,,,,,0,,0,0,,,0,,,,,,,,,,,,0,,,,,,,0,0,0,0,0,0,,,0,0,0,,,,,,12,,,,,,0,0,0,0,0,0,0,,,,,0,,,0,,0,,,,,,,,,,,,,,,,,,,,,0,,,22.0x 15.0x 15.0,I
12/16/2015,1Z091YW70399377559,AL,35959,60,8,FRT,3,Ground Residential Third Party,30.67,,,,,,,,,,,,,,,,,,,,,,,,,,,,,,,,,,,,,,,,,,,,,,,,0,,,,0,,,,,0,,0,0,,,0,,,,,,,,,,,,0,,,,,,,0,0,0,0,0,0,,,0,0,0,,,,,,12,,,,,,0,0,0,0,0,0,0,,,,,0,,,0,,0,,,,,,,,,,,,,,,,,,,,,0,,,,
12/16/2015,1Z091YW70399377559,AL,35959,0,8,ACC,RES,Residential Surcharge,2.01,,,,,,,,,,,,,,,,,,,,,,,,,,,,,,,,,,,,,,,,,,,,,,,,0,,,,0,,,,,0,,0,0,,,0,,,,,,,,,,,,0,,,,,,,0,0,0,0,0,0,,,0,0,0,,,,,,12,,,,,,0,0,0,0,0,0,0,,,,,0,,,0,,0,,,,,,,,,,,,,,,,,,,,,0,,,,
12/16/2015,1Z091YW70399377559,AL,35959,0,8,ACC,LDR,Delivery Area Surcharge - Extended,3.8,,,,,,,,,,,,,,,,,,,,,,,,,,,,,,,,,,,,,,,,,,,,,,,,0,,,,0,,,,,0,,0,0,,,0,,,,,,,,,,,,0,,,,,,,0,0,0,0,0,0,,,0,0,0,,,,,,12,,,,,,0,0,0,0,0,0,0,,,,,0,,,0,,0,,,,,,,,,,,,,,,,,,,,,0,,,,
12/16/2015,1Z091YW70399377559,AL,35959,0,8,FSC,FSC,Fuel Surcharge,1.92,,,,,,,,,,,,,,,,,,,,,,,,,,,,,,,,,,,,,,,,,,,,,,,,0,,,,0,,,,,0,,0,0,,,0,,,,,,,,,,,,0,,,,,,,0,0,0,0,0,0,,,0,0,0,,,,,,12,,,,,,0,0,0,0,0,0,0,,,,,0,,,0,,0,,,,,,,,,,,,,,,,,,,,,0,,,,
12/16/2015,1Z091YW70399377559,AL,35959,0,8,INF,3,Ground Residential Third Party,0,,,,,,,,,,,,,,,,,,,,,,,,,,,,,,,,,,,,,,,,,,,,,,,,0,,,,0,,,,,0,,0,0,,,0,,,,,,,,,,,,0,,,,,,,0,0,0,0,0,0,,,0,0,0,,,,,,12,,,,,,0,0,0,0,0,0,0,,,,,0,,,0,,0,,,,,,,,,,,,,,,,,,,,,0,,,29.0x 19.0x 18.0,I
12/16/2015,1Z091YW70397147766,FL,34736,60,8,FRT,3,Ground Residential Third Party,30.67,,,,,,,,,,,,,,,,,,,,,,,,,,,,,,,,,,,,,,,,,,,,,,,,0,,,,0,,,,,0,,0,0,,,0,,,,,,,,,,,,0,,,,,,,0,0,0,0,0,0,,,0,0,0,,,,,,12,,,,,,0,0,0,0,0,0,0,,,,,0,,,0,,0,,,,,,,,,,,,,,,,,,,,,0,,,,
12/16/2015,1Z091YW70397147766,FL,34736,0,8,ACC,RES,Residential Surcharge,2.01,,,,,,,,,,,,,,,,,,,,,,,,,,,,,,,,,,,,,,,,,,,,,,,,0,,,,0,,,,,0,,0,0,,,0,,,,,,,,,,,,0,,,,,,,0,0,0,0,0,0,,,0,0,0,,,,,,12,,,,,,0,0,0,0,0,0,0,,,,,0,,,0,,0,,,,,,,,,,,,,,,,,,,,,0,,,,
12/16/2015,1Z091YW70397147766,FL,34736,0,8,ACC,LDR,Delivery Area Surcharge - Extended,3.8,,,,,,,,,,,,,,,,,,,,,,,,,,,,,,,,,,,,,,,,,,,,,,,,0,,,,0,,,,,0,,0,0,,,0,,,,,,,,,,,,0,,,,,,,0,0,0,0,0,0,,,0,0,0,,,,,,12,,,,,,0,0,0,0,0,0,0,,,,,0,,,0,,0,,,,,,,,,,,,,,,,,,,,,0,,,,
12/16/2015,1Z091YW70397147766,FL,34736,0,8,FSC,FSC,Fuel Surcharge,1.92,,,,,,,,,,,,,,,,,,,,,,,,,,,,,,,,,,,,,,,,,,,,,,,,0,,,,0,,,,,0,,0,0,,,0,,,,,,,,,,,,0,,,,,,,0,0,0,0,0,0,,,0,0,0,,,,,,12,,,,,,0,0,0,0,0,0,0,,,,,0,,,0,,0,,,,,,,,,,,,,,,,,,,,,0,,,,
12/16/2015,1Z091YW70397147766,FL,34736,0,8,INF,3,Ground Residential Third Party,0,,,,,,,,,,,,,,,,,,,,,,,,,,,,,,,,,,,,,,,,,,,,,,,,0,,,,0,,,,,0,,0,0,,,0,,,,,,,,,,,,0,,,,,,,0,0,0,0,0,0,,,0,0,0,,,,,,12,,,,,,0,0,0,0,0,0,0,,,,,0,,,0,,0,,,,,,,,,,,,,,,,,,,,,0,,,29.0x 19.0x 18.0,I
12/16/2015,1Z091YW70397041352,WV,24991,12,8,FRT,3,Ground Residential Third Party,10.13,,,,,,,,,,,,,,,,,,,,,,,,,,,,,,,,,,,,,,,,,,,,,,,,0,,,,0,,,,,0,,0,0,,,0,,,,,,,,,,,,0,,,,,,,0,0,0,0,0,0,,,0,0,0,,,,,,12,,,,,,0,0,0,0,0,0,0,,,,,0,,,0,,0,,,,,,,,,,,,,,,,,,,,,0,,,,
12/16/2015,1Z091YW70397041352,WV,24991,0,8,ACC,RES,Residential Surcharge,2.01,,,,,,,,,,,,,,,,,,,,,,,,,,,,,,,,,,,,,,,,,,,,,,,,0,,,,0,,,,,0,,0,0,,,0,,,,,,,,,,,,0,,,,,,,0,0,0,0,0,0,,,0,0,0,,,,,,12,,,,,,0,0,0,0,0,0,0,,,,,0,,,0,,0,,,,,,,,,,,,,,,,,,,,,0,,,,
12/16/2015,1Z091YW70397041352,WV,24991,0,8,ACC,LDR,Delivery Area Surcharge - Extended,3.8,,,,,,,,,,,,,,,,,,,,,,,,,,,,,,,,,,,,,,,,,,,,,,,,0,,,,0,,,,,0,,0,0,,,0,,,,,,,,,,,,0,,,,,,,0,0,0,0,0,0,,,0,0,0,,,,,,12,,,,,,0,0,0,0,0,0,0,,,,,0,,,0,,0,,,,,,,,,,,,,,,,,,,,,0,,,,
12/16/2015,1Z091YW70397041352,WV,24991,0,8,FSC,FSC,Fuel Surcharge,0.84,,,,,,,,,,,,,,,,,,,,,,,,,,,,,,,,,,,,,,,,,,,,,,,,0,,,,0,,,,,0,,0,0,,,0,,,,,,,,,,,,0,,,,,,,0,0,0,0,0,0,,,0,0,0,,,,,,12,,,,,,0,0,0,0,0,0,0,,,,,0,,,0,,0,,,,,,,,,,,,,,,,,,,,,0,,,,
12/16/2015,1Z091YW70398568612,MA,1010,30,8,FRT,3,Ground Residential Third Party,21.05,,,,,,,,,,,,,,,,,,,,,,,,,,,,,,,,,,,,,,,,,,,,,,,,0,,,,0,,,,,0,,0,0,,,0,,,,,,,,,,,,0,,,,,,,0,0,0,0,0,0,,,0,0,0,,,,,,12,,,,,,0,0,0,0,0,0,0,,,,,0,,,0,,0,,,,,,,,,,,,,,,,,,,,,0,,,,
12/16/2015,1Z091YW70398568612,MA,1010,0,8,ACC,RES,Residential Surcharge,2.01,,,,,,,,,,,,,,,,,,,,,,,,,,,,,,,,,,,,,,,,,,,,,,,,0,,,,0,,,,,0,,0,0,,,0,,,,,,,,,,,,0,,,,,,,0,0,0,0,0,0,,,0,0,0,,,,,,12,,,,,,0,0,0,0,0,0,0,,,,,0,,,0,,0,,,,,,,,,,,,,,,,,,,,,0,,,,
12/16/2015,1Z091YW70398568612,MA,1010,0,8,ACC,LDR,Delivery Area Surcharge - Extended,3.8,,,,,,,,,,,,,,,,,,,,,,,,,,,,,,,,,,,,,,,,,,,,,,,,0,,,,0,,,,,0,,0,0,,,0,,,,,,,,,,,,0,,,,,,,0,0,0,0,0,0,,,0,0,0,,,,,,12,,,,,,0,0,0,0,0,0,0,,,,,0,,,0,,0,,,,,,,,,,,,,,,,,,,,,0,,,,
12/16/2015,1Z091YW70398568612,MA,1010,0,8,FSC,FSC,Fuel Surcharge,1.41,,,,,,,,,,,,,,,,,,,,,,,,,,,,,,,,,,,,,,,,,,,,,,,,0,,,,0,,,,,0,,0,0,,,0,,,,,,,,,,,,0,,,,,,,0,0,0,0,0,0,,,0,0,0,,,,,,12,,,,,,0,0,0,0,0,0,0,,,,,0,,,0,,0,,,,,,,,,,,,,,,,,,,,,0,,,,
12/16/2015,1Z091YW70398568612,MA,1010,0,8,INF,3,Ground Residential Third Party,0,,,,,,,,,,,,,,,,,,,,,,,,,,,,,,,,,,,,,,,,,,,,,,,,0,,,,0,,,,,0,,0,0,,,0,,,,,,,,,,,,0,,,,,,,0,0,0,0,0,0,,,0,0,0,,,,,,12,,,,,,0,0,0,0,0,0,0,,,,,0,,,0,,0,,,,,,,,,,,,,,,,,,,,,0,,,22.0x 15.0x 15.0,I
12/16/2015,1Z091YW70398069456,NH,3820,30,8,FRT,3,Ground Residential Third Party,21.05,,,,,,,,,,,,,,,,,,,,,,,,,,,,,,,,,,,,,,,,,,,,,,,,0,,,,0,,,,,0,,0,0,,,0,,,,,,,,,,,,0,,,,,,,0,0,0,0,0,0,,,0,0,0,,,,,,12,,,,,,0,0,0,0,0,0,0,,,,,0,,,0,,0,,,,,,,,,,,,,,,,,,,,,0,,,,
12/16/2015,1Z091YW70398069456,NH,3820,0,8,ACC,RES,Residential Surcharge,2.01,,,,,,,,,,,,,,,,,,,,,,,,,,,,,,,,,,,,,,,,,,,,,,,,0,,,,0,,,,,0,,0,0,,,0,,,,,,,,,,,,0,,,,,,,0,0,0,0,0,0,,,0,0,0,,,,,,12,,,,,,0,0,0,0,0,0,0,,,,,0,,,0,,0,,,,,,,,,,,,,,,,,,,,,0,,,,
12/16/2015,1Z091YW70398069456,NH,3820,0,8,FSC,FSC,Fuel Surcharge,1.21,,,,,,,,,,,,,,,,,,,,,,,,,,,,,,,,,,,,,,,,,,,,,,,,0,,,,0,,,,,0,,0,0,,,0,,,,,,,,,,,,0,,,,,,,0,0,0,0,0,0,,,0,0,0,,,,,,12,,,,,,0,0,0,0,0,0,0,,,,,0,,,0,,0,,,,,,,,,,,,,,,,,,,,,0,,,,
12/16/2015,1Z091YW70398069456,NH,3820,0,8,INF,3,Ground Residential Third Party,0,,,,,,,,,,,,,,,,,,,,,,,,,,,,,,,,,,,,,,,,,,,,,,,,0,,,,0,,,,,0,,0,0,,,0,,,,,,,,,,,,0,,,,,,,0,0,0,0,0,0,,,0,0,0,,,,,,12,,,,,,0,0,0,0,0,0,0,,,,,0,,,0,,0,,,,,,,,,,,,,,,,,,,,,0,,,22.0x 15.0x 15.0,I
12/17/2015,1Z091YW70391866937,AZ,85007,30,4,FRT,3,Ground Residential Third Party,10.33,,,,,,,,,,,,,,,,,,,,,,,,,,,,,,,,,,,,,,,,,,,,,,,,0,,,,0,,,,,0,,0,0,,,0,,,,,,,,,,,,0,,,,,,,0,0,0,0,0,0,,,0,0,0,,,,,,12,,,,,,0,0,0,0,0,0,0,,,,,0,,,0,,0,,,,,,,,,,,,,,,,,,,,,0,,,,
12/17/2015,1Z091YW70391866937,AZ,85007,0,4,ACC,RES,Residential Surcharge,2.01,,,,,,,,,,,,,,,,,,,,,,,,,,,,,,,,,,,,,,,,,,,,,,,,0,,,,0,,,,,0,,0,0,,,0,,,,,,,,,,,,0,,,,,,,0,0,0,0,0,0,,,0,0,0,,,,,,12,,,,,,0,0,0,0,0,0,0,,,,,0,,,0,,0,,,,,,,,,,,,,,,,,,,,,0,,,,
12/17/2015,1Z091YW70391866937,AZ,85007,0,4,FSC,FSC,Fuel Surcharge,0.65,,,,,,,,,,,,,,,,,,,,,,,,,,,,,,,,,,,,,,,,,,,,,,,,0,,,,0,,,,,0,,0,0,,,0,,,,,,,,,,,,0,,,,,,,0,0,0,0,0,0,,,0,0,0,,,,,,12,,,,,,0,0,0,0,0,0,0,,,,,0,,,0,,0,,,,,,,,,,,,,,,,,,,,,0,,,,
12/17/2015,1Z091YW70391866937,AZ,85007,0,4,INF,3,Ground Residential Third Party,0,,,,,,,,,,,,,,,,,,,,,,,,,,,,,,,,,,,,,,,,,,,,,,,,0,,,,0,,,,,0,,0,0,,,0,,,,,,,,,,,,0,,,,,,,0,0,0,0,0,0,,,0,0,0,,,,,,12,,,,,,0,0,0,0,0,0,0,,,,,0,,,0,,0,,,,,,,,,,,,,,,,,,,,,0,,,22.0x 15.0x 15.0,I
12/17/2015,1Z091YW70392214568,TX,76548,10,6,FRT,3,Ground Residential Third Party,7.55,,,,,,,,,,,,,,,,,,,,,,,,,,,,,,,,,,,,,,,,,,,,,,,,0,,,,0,,,,,0,,0,0,,,0,,,,,,,,,,,,0,,,,,,,0,0,0,0,0,0,,,0,0,0,,,,,,12,,,,,,0,0,0,0,0,0,0,,,,,0,,,0,,0,,,,,,,,,,,,,,,,,,,,,0,,,,
12/17/2015,1Z091YW70392214568,TX,76548,0,6,ACC,RES,Residential Surcharge,2.01,,,,,,,,,,,,,,,,,,,,,,,,,,,,,,,,,,,,,,,,,,,,,,,,0,,,,0,,,,,0,,0,0,,,0,,,,,,,,,,,,0,,,,,,,0,0,0,0,0,0,,,0,0,0,,,,,,12,,,,,,0,0,0,0,0,0,0,,,,,0,,,0,,0,,,,,,,,,,,,,,,,,,,,,0,,,,
12/17/2015,1Z091YW70392214568,TX,76548,0,6,FSC,FSC,Fuel Surcharge,0.5,,,,,,,,,,,,,,,,,,,,,,,,,,,,,,,,,,,,,,,,,,,,,,,,0,,,,0,,,,,0,,0,0,,,0,,,,,,,,,,,,0,,,,,,,0,0,0,0,0,0,,,0,0,0,,,,,,12,,,,,,0,0,0,0,0,0,0,,,,,0,,,0,,0,,,,,,,,,,,,,,,,,,,,,0,,,,
12/17/2015,1Z091YW70392214568,TX,76548,0,6,INF,3,Ground Residential Third Party,0,,,,,,,,,,,,,,,,,,,,,,,,,,,,,,,,,,,,,,,,,,,,,,,,0,,,,0,,,,,0,,0,0,,,0,,,,,,,,,,,,0,,,,,,,0,0,0,0,0,0,,,0,0,0,,,,,,12,,,,,,0,0,0,0,0,0,0,,,,,0,,,0,,0,,,,,,,,,,,,,,,,,,,,,0,,,15.0x 12.0x  9.0,I
12/17/2015,1Z091YW70393533980,AZ,85202,30,4,FRT,3,Ground Residential Third Party,8.84,,,,,,,,,,,,,,,,,,,,,,,,,,,,,,,,,,,,,,,,,,,,,,,,0,,,,0,,,,,0,,0,0,,,0,,,,,,,,,,,,0,,,,,,,0,0,0,0,0,0,,,0,0,0,,,,,,12,,,,,,0,0,0,0,0,0,0,,,,,0,,,0,,0,,,,,,,,,,,,,,,,,,,,,0,,,,
12/17/2015,1Z091YW70393533980,AZ,85202,0,4,ACC,RES,Residential Surcharge,2.01,,,,,,,,,,,,,,,,,,,,,,,,,,,,,,,,,,,,,,,,,,,,,,,,0,,,,0,,,,,0,,0,0,,,0,,,,,,,,,,,,0,,,,,,,0,0,0,0,0,0,,,0,0,0,,,,,,12,,,,,,0,0,0,0,0,0,0,,,,,0,,,0,,0,,,,,,,,,,,,,,,,,,,,,0,,,,
12/17/2015,1Z091YW70393533980,AZ,85202,0,4,FSC,FSC,Fuel Surcharge,0.57,,,,,,,,,,,,,,,,,,,,,,,,,,,,,,,,,,,,,,,,,,,,,,,,0,,,,0,,,,,0,,0,0,,,0,,,,,,,,,,,,0,,,,,,,0,0,0,0,0,0,,,0,0,0,,,,,,12,,,,,,0,0,0,0,0,0,0,,,,,0,,,0,,0,,,,,,,,,,,,,,,,,,,,,0,,,,
12/17/2015,1Z091YW70393533980,AZ,85202,0,4,INF,3,Ground Residential Third Party,0,,,,,,,,,,,,,,,,,,,,,,,,,,,,,,,,,,,,,,,,,,,,,,,,0,,,,0,,,,,0,,0,0,,,0,,,,,,,,,,,,0,,,,,,,0,0,0,0,0,0,,,0,0,0,,,,,,12,,,,,,0,0,0,0,0,0,0,,,,,0,,,0,,0,,,,,,,,,,,,,,,,,,,,,0,,,21.0x 14.0x 14.0,I
12/17/2015,1Z091YW70392745048,OK,73501,60,6,FRT,3,Ground Commercial Third Party,21.06,,,,,,,,,,,,,,,,,,,,,,,,,,,,,,,,,,,,,,,,,,,,,,,,0,,,,0,,,,,0,,0,0,,,0,,,,,,,,,,,,0,,,,,,,0,0,0,0,0,0,,,0,0,0,,,,,,12,,,,,,0,0,0,0,0,0,0,,,,,0,,,0,,0,,,,,,,,,,,,,,,,,,,,,0,,,,
12/17/2015,1Z091YW70392745048,OK,73501,0,6,FSC,FSC,Fuel Surcharge,1.11,,,,,,,,,,,,,,,,,,,,,,,,,,,,,,,,,,,,,,,,,,,,,,,,0,,,,0,,,,,0,,0,0,,,0,,,,,,,,,,,,0,,,,,,,0,0,0,0,0,0,,,0,0,0,,,,,,12,,,,,,0,0,0,0,0,0,0,,,,,0,,,0,,0,,,,,,,,,,,,,,,,,,,,,0,,,,
12/17/2015,1Z091YW70392745048,OK,73501,0,6,INF,3,Ground Commercial Third Party,0,,,,,,,,,,,,,,,,,,,,,,,,,,,,,,,,,,,,,,,,,,,,,,,,0,,,,0,,,,,0,,0,0,,,0,,,,,,,,,,,,0,,,,,,,0,0,0,0,0,0,,,0,0,0,,,,,,12,,,,,,0,0,0,0,0,0,0,,,,,0,,,0,,0,,,,,,,,,,,,,,,,,,,,,0,,,29.0x 19.0x 18.0,I
12/17/2015,1Z091YW70394309462,TX,78041,30,6,FRT,3,Ground Commercial Third Party,14.75,,,,,,,,,,,,,,,,,,,,,,,,,,,,,,,,,,,,,,,,,,,,,,,,0,,,,0,,,,,0,,0,0,,,0,,,,,,,,,,,,0,,,,,,,0,0,0,0,0,0,,,0,0,0,,,,,,12,,,,,,0,0,0,0,0,0,0,,,,,0,,,0,,0,,,,,,,,,,,,,,,,,,,,,0,,,,
12/17/2015,1Z091YW70394309462,TX,78041,0,6,FSC,FSC,Fuel Surcharge,0.77,,,,,,,,,,,,,,,,,,,,,,,,,,,,,,,,,,,,,,,,,,,,,,,,0,,,,0,,,,,0,,0,0,,,0,,,,,,,,,,,,0,,,,,,,0,0,0,0,0,0,,,0,0,0,,,,,,12,,,,,,0,0,0,0,0,0,0,,,,,0,,,0,,0,,,,,,,,,,,,,,,,,,,,,0,,,,
12/17/2015,1Z091YW70394309462,TX,78041,0,6,INF,3,Ground Commercial Third Party,0,,,,,,,,,,,,,,,,,,,,,,,,,,,,,,,,,,,,,,,,,,,,,,,,0,,,,0,,,,,0,,0,0,,,0,,,,,,,,,,,,0,,,,,,,0,0,0,0,0,0,,,0,0,0,,,,,,12,,,,,,0,0,0,0,0,0,0,,,,,0,,,0,,0,,,,,,,,,,,,,,,,,,,,,0,,,22.0x 15.0x 15.0,I
12/17/2015,1Z091YW70391760890,GA,30052,30,8,FRT,3,Ground Residential Third Party,21.05,,,,,,,,,,,,,,,,,,,,,,,,,,,,,,,,,,,,,,,,,,,,,,,,0,,,,0,,,,,0,,0,0,,,0,,,,,,,,,,,,0,,,,,,,0,0,0,0,0,0,,,0,0,0,,,,,,12,,,,,,0,0,0,0,0,0,0,,,,,0,,,0,,0,,,,,,,,,,,,,,,,,,,,,0,,,,
12/17/2015,1Z091YW70391760890,GA,30052,0,8,ACC,RES,Residential Surcharge,2.01,,,,,,,,,,,,,,,,,,,,,,,,,,,,,,,,,,,,,,,,,,,,,,,,0,,,,0,,,,,0,,0,0,,,0,,,,,,,,,,,,0,,,,,,,0,0,0,0,0,0,,,0,0,0,,,,,,12,,,,,,0,0,0,0,0,0,0,,,,,0,,,0,,0,,,,,,,,,,,,,,,,,,,,,0,,,,
12/17/2015,1Z091YW70391760890,GA,30052,0,8,FSC,FSC,Fuel Surcharge,1.21,,,,,,,,,,,,,,,,,,,,,,,,,,,,,,,,,,,,,,,,,,,,,,,,0,,,,0,,,,,0,,0,0,,,0,,,,,,,,,,,,0,,,,,,,0,0,0,0,0,0,,,0,0,0,,,,,,12,,,,,,0,0,0,0,0,0,0,,,,,0,,,0,,0,,,,,,,,,,,,,,,,,,,,,0,,,,
12/17/2015,1Z091YW70391760890,GA,30052,0,8,INF,3,Ground Residential Third Party,0,,,,,,,,,,,,,,,,,,,,,,,,,,,,,,,,,,,,,,,,,,,,,,,,0,,,,0,,,,,0,,0,0,,,0,,,,,,,,,,,,0,,,,,,,0,0,0,0,0,0,,,0,0,0,,,,,,12,,,,,,0,0,0,0,0,0,0,,,,,0,,,0,,0,,,,,,,,,,,,,,,,,,,,,0,,,22.0x 15.0x 15.0,I
12/17/2015,1Z091YW70391341100,AL,35501,30,7,FRT,3,Ground Commercial Third Party,17.12,,,,,,,,,,,,,,,,,,,,,,,,,,,,,,,,,,,,,,,,,,,,,,,,0,,,,0,,,,,0,,0,0,,,0,,,,,,,,,,,,0,,,,,,,0,0,0,0,0,0,,,0,0,0,,,,,,12,,,,,,0,0,0,0,0,0,0,,,,,0,,,0,,0,,,,,,,,,,,,,,,,,,,,,0,,,,
12/17/2015,1Z091YW70391341100,AL,35501,0,7,ACC,RES,Residential Surcharge,2.01,,,,,,,,,,,,,,,,,,,,,,,,,,,,,,,,,,,,,,,,,,,,,,,,,,,,,,,,,,,,,,,,,,,,,,,,,,,,,,,,,,,,,,,,,,,,,,,,,,,,,,,,,,,,,,,,,,,,,,,,,,,,,,,,,,,,,,,,,,,,,,,,,
12/17/2015,1Z091YW70391341100,AL,35501,0,7,ACC,LDC,Delivery Area Surcharge - Extended,2.2,,,,,,,,,,,,,,,,,,,,,,,,,,,,,,,,,,,,,,,,,,,,,,,,0,,,,0,,,,,0,,0,0,,,0,,,,,,,,,,,,0,,,,,,,0,0,0,0,0,0,,,0,0,0,,,,,,12,,,,,,0,0,0,0,0,0,0,,,,,0,,,0,,0,,,,,,,,,,,,,,,,,,,,,0,,,,
12/17/2015,1Z091YW70391341100,AL,35501,0,7,FSC,FSC,Fuel Surcharge,1.01,,,,,,,,,,,,,,,,,,,,,,,,,,,,,,,,,,,,,,,,,,,,,,,,0,,,,0,,,,,0,,0,0,,,0,,,,,,,,,,,,0,,,,,,,0,0,0,0,0,0,,,0,0,0,,,,,,12,,,,,,0,0,0,0,0,0,0,,,,,0,,,0,,0,,,,,,,,,,,,,,,,,,,,,0,,,,
12/17/2015,1Z091YW70391341100,AL,35501,0,7,INF,3,Ground Commercial Third Party,0,,,,,,,,,,,,,,,,,,,,,,,,,,,,,,,,,,,,,,,,,,,,,,,,0,,,,0,,,,,0,,0,0,,,0,,,,,,,,,,,,0,,,,,,,0,0,0,0,0,0,,,0,0,0,,,,,,12,,,,,,0,0,0,0,0,0,0,,,,,0,,,0,,0,,,,,,,,,,,,,,,,,,,,,0,,,22.0x 15.0x 15.0,I
12/17/2015,1Z091YW70391206033,GA,30528,60,8,FRT,3,Ground Residential Third Party,30.67,,,,,,,,,,,,,,,,,,,,,,,,,,,,,,,,,,,,,,,,,,,,,,,,0,,,,0,,,,,0,,0,0,,,0,,,,,,,,,,,,0,,,,,,,0,0,0,0,0,0,,,0,0,0,,,,,,12,,,,,,0,0,0,0,0,0,0,,,,,0,,,0,,0,,,,,,,,,,,,,,,,,,,,,0,,,,
12/17/2015,1Z091YW70391206033,GA,30528,0,8,ACC,RES,Residential Surcharge,2.01,,,,,,,,,,,,,,,,,,,,,,,,,,,,,,,,,,,,,,,,,,,,,,,,0,,,,0,,,,,0,,0,0,,,0,,,,,,,,,,,,0,,,,,,,0,0,0,0,0,0,,,0,0,0,,,,,,12,,,,,,0,0,0,0,0,0,0,,,,,0,,,0,,0,,,,,,,,,,,,,,,,,,,,,0,,,,
12/17/2015,1Z091YW70391206033,GA,30528,0,8,ACC,LDR,Delivery Area Surcharge - Extended,3.8,,,,,,,,,,,,,,,,,,,,,,,,,,,,,,,,,,,,,,,,,,,,,,,,0,,,,0,,,,,0,,0,0,,,0,,,,,,,,,,,,0,,,,,,,0,0,0,0,0,0,,,0,0,0,,,,,,12,,,,,,0,0,0,0,0,0,0,,,,,0,,,0,,0,,,,,,,,,,,,,,,,,,,,,0,,,,
12/17/2015,1Z091YW70391206033,GA,30528,0,8,FSC,FSC,Fuel Surcharge,1.92,,,,,,,,,,,,,,,,,,,,,,,,,,,,,,,,,,,,,,,,,,,,,,,,0,,,,0,,,,,0,,0,0,,,0,,,,,,,,,,,,0,,,,,,,0,0,0,0,0,0,,,0,0,0,,,,,,12,,,,,,0,0,0,0,0,0,0,,,,,0,,,0,,0,,,,,,,,,,,,,,,,,,,,,0,,,,
12/17/2015,1Z091YW70391206033,GA,30528,0,8,INF,3,Ground Residential Third Party,0,,,,,,,,,,,,,,,,,,,,,,,,,,,,,,,,,,,,,,,,,,,,,,,,0,,,,0,,,,,0,,0,0,,,0,,,,,,,,,,,,0,,,,,,,0,0,0,0,0,0,,,0,0,0,,,,,,12,,,,,,0,0,0,0,0,0,0,,,,,0,,,0,,0,,,,,,,,,,,,,,,,,,,,,0,,,29.0x 19.0x 18.0,I
12/17/2015,1Z091YW70394642057,PA,17225,8,8,FRT,3,Ground Residential Third Party,8.19,,,,,,,,,,,,,,,,,,,,,,,,,,,,,,,,,,,,,,,,,,,,,,,,0,,,,0,,,,,0,,0,0,,,0,,,,,,,,,,,,0,,,,,,,0,0,0,0,0,0,,,0,0,0,,,,,,12,,,,,,0,0,0,0,0,0,0,,,,,0,,,0,,0,,,,,,,,,,,,,,,,,,,,,0,,,,
12/17/2015,1Z091YW70394642057,PA,17225,0,8,ACC,RES,Residential Surcharge,2.01,,,,,,,,,,,,,,,,,,,,,,,,,,,,,,,,,,,,,,,,,,,,,,,,0,,,,0,,,,,0,,0,0,,,0,,,,,,,,,,,,0,,,,,,,0,0,0,0,0,0,,,0,0,0,,,,,,12,,,,,,0,0,0,0,0,0,0,,,,,0,,,0,,0,,,,,,,,,,,,,,,,,,,,,0,,,,
12/17/2015,1Z091YW70394642057,PA,17225,0,8,ACC,RDR,Delivery Area Surcharge,3,,,,,,,,,,,,,,,,,,,,,,,,,,,,,,,,,,,,,,,,,,,,,,,,0,,,,0,,,,,0,,0,0,,,0,,,,,,,,,,,,0,,,,,,,0,0,0,0,0,0,,,0,0,0,,,,,,12,,,,,,0,0,0,0,0,0,0,,,,,0,,,0,,0,,,,,,,,,,,,,,,,,,,,,0,,,,
12/17/2015,1Z091YW70394642057,PA,17225,0,8,FSC,FSC,Fuel Surcharge,0.69,,,,,,,,,,,,,,,,,,,,,,,,,,,,,,,,,,,,,,,,,,,,,,,,0,,,,0,,,,,0,,0,0,,,0,,,,,,,,,,,,0,,,,,,,0,0,0,0,0,0,,,0,0,0,,,,,,12,,,,,,0,0,0,0,0,0,0,,,,,0,,,0,,0,,,,,,,,,,,,,,,,,,,,,0,,,,
12/17/2015,1Z091YW70390704881,OH,45662,30,8,FRT,3,Ground Residential Third Party,21.05,,,,,,,,,,,,,,,,,,,,,,,,,,,,,,,,,,,,,,,,,,,,,,,,0,,,,0,,,,,0,,0,0,,,0,,,,,,,,,,,,0,,,,,,,0,0,0,0,0,0,,,0,0,0,,,,,,12,,,,,,0,0,0,0,0,0,0,,,,,0,,,0,,0,,,,,,,,,,,,,,,,,,,,,0,,,,
12/17/2015,1Z091YW70390704881,OH,45662,0,8,ACC,RES,Residential Surcharge,2.01,,,,,,,,,,,,,,,,,,,,,,,,,,,,,,,,,,,,,,,,,,,,,,,,0,,,,0,,,,,0,,0,0,,,0,,,,,,,,,,,,0,,,,,,,0,0,0,0,0,0,,,0,0,0,,,,,,12,,,,,,0,0,0,0,0,0,0,,,,,0,,,0,,0,,,,,,,,,,,,,,,,,,,,,0,,,,
12/17/2015,1Z091YW70390704881,OH,45662,0,8,FSC,FSC,Fuel Surcharge,1.21,,,,,,,,,,,,,,,,,,,,,,,,,,,,,,,,,,,,,,,,,,,,,,,,0,,,,0,,,,,0,,0,0,,,0,,,,,,,,,,,,0,,,,,,,0,0,0,0,0,0,,,0,0,0,,,,,,12,,,,,,0,0,0,0,0,0,0,,,,,0,,,0,,0,,,,,,,,,,,,,,,,,,,,,0,,,,
12/17/2015,1Z091YW70390704881,OH,45662,0,8,INF,3,Ground Residential Third Party,0,,,,,,,,,,,,,,,,,,,,,,,,,,,,,,,,,,,,,,,,,,,,,,,,0,,,,0,,,,,0,,0,0,,,0,,,,,,,,,,,,0,,,,,,,0,0,0,0,0,0,,,0,0,0,,,,,,12,,,,,,0,0,0,0,0,0,0,,,,,0,,,0,,0,,,,,,,,,,,,,,,,,,,,,0,,,22.0x 15.0x 15.0,I
12/17/2015,1Z091YW70394609512,NJ,8722,10,8,FRT,3,Ground Residential Third Party,9.28,,,,,,,,,,,,,,,,,,,,,,,,,,,,,,,,,,,,,,,,,,,,,,,,0,,,,0,,,,,0,,0,0,,,0,,,,,,,,,,,,0,,,,,,,0,0,0,0,0,0,,,0,0,0,,,,,,12,,,,,,0,0,0,0,0,0,0,,,,,0,,,0,,0,,,,,,,,,,,,,,,,,,,,,0,,,,
12/17/2015,1Z091YW70394609512,NJ,8722,0,8,ACC,RES,Residential Surcharge,2.01,,,,,,,,,,,,,,,,,,,,,,,,,,,,,,,,,,,,,,,,,,,,,,,,0,,,,0,,,,,0,,0,0,,,0,,,,,,,,,,,,0,,,,,,,0,0,0,0,0,0,,,0,0,0,,,,,,12,,,,,,0,0,0,0,0,0,0,,,,,0,,,0,,0,,,,,,,,,,,,,,,,,,,,,0,,,,
12/17/2015,1Z091YW70394609512,NJ,8722,0,8,FSC,FSC,Fuel Surcharge,0.59,,,,,,,,,,,,,,,,,,,,,,,,,,,,,,,,,,,,,,,,,,,,,,,,0,,,,0,,,,,0,,0,0,,,0,,,,,,,,,,,,0,,,,,,,0,0,0,0,0,0,,,0,0,0,,,,,,12,,,,,,0,0,0,0,0,0,0,,,,,0,,,0,,0,,,,,,,,,,,,,,,,,,,,,0,,,,
12/17/2015,1Z091YW70394609512,NJ,8722,0,8,INF,3,Ground Residential Third Party,0,,,,,,,,,,,,,,,,,,,,,,,,,,,,,,,,,,,,,,,,,,,,,,,,0,,,,0,,,,,0,,0,0,,,0,,,,,,,,,,,,0,,,,,,,0,0,0,0,0,0,,,0,0,0,,,,,,12,,,,,,0,0,0,0,0,0,0,,,,,0,,,0,,0,,,,,,,,,,,,,,,,,,,,,0,,,18.0x 10.0x  9.0,I
12/17/2015,1Z091YW70390983946,FL,32960,30,8,FRT,3,Ground Residential Third Party,21.05,,,,,,,,,,,,,,,,,,,,,,,,,,,,,,,,,,,,,,,,,,,,,,,,0,,,,0,,,,,0,,0,0,,,0,,,,,,,,,,,,0,,,,,,,0,0,0,0,0,0,,,0,0,0,,,,,,12,,,,,,0,0,0,0,0,0,0,,,,,0,,,0,,0,,,,,,,,,,,,,,,,,,,,,0,,,,
12/17/2015,1Z091YW70390983946,FL,32960,0,8,ACC,RES,Residential Surcharge,2.01,,,,,,,,,,,,,,,,,,,,,,,,,,,,,,,,,,,,,,,,,,,,,,,,0,,,,0,,,,,0,,0,0,,,0,,,,,,,,,,,,0,,,,,,,0,0,0,0,0,0,,,0,0,0,,,,,,12,,,,,,0,0,0,0,0,0,0,,,,,0,,,0,,0,,,,,,,,,,,,,,,,,,,,,0,,,,
12/17/2015,1Z091YW70390983946,FL,32960,0,8,FSC,FSC,Fuel Surcharge,1.21,,,,,,,,,,,,,,,,,,,,,,,,,,,,,,,,,,,,,,,,,,,,,,,,0,,,,0,,,,,0,,0,0,,,0,,,,,,,,,,,,0,,,,,,,0,0,0,0,0,0,,,0,0,0,,,,,,12,,,,,,0,0,0,0,0,0,0,,,,,0,,,0,,0,,,,,,,,,,,,,,,,,,,,,0,,,,
12/17/2015,1Z091YW70390983946,FL,32960,0,8,INF,3,Ground Residential Third Party,0,,,,,,,,,,,,,,,,,,,,,,,,,,,,,,,,,,,,,,,,,,,,,,,,0,,,,0,,,,,0,,0,0,,,0,,,,,,,,,,,,0,,,,,,,0,0,0,0,0,0,,,0,0,0,,,,,,12,,,,,,0,0,0,0,0,0,0,,,,,0,,,0,,0,,,,,,,,,,,,,,,,,,,,,0,,,22.0x 15.0x 15.0,I
12/17/2015,1Z091YW70394245156,ME,3909,30,8,FRT,3,Ground Residential Third Party,21.05,,,,,,,,,,,,,,,,,,,,,,,,,,,,,,,,,,,,,,,,,,,,,,,,0,,,,0,,,,,0,,0,0,,,0,,,,,,,,,,,,0,,,,,,,0,0,0,0,0,0,,,0,0,0,,,,,,12,,,,,,0,0,0,0,0,0,0,,,,,0,,,0,,0,,,,,,,,,,,,,,,,,,,,,0,,,,
12/17/2015,1Z091YW70394245156,ME,3909,0,8,ACC,RES,Residential Surcharge,2.01,,,,,,,,,,,,,,,,,,,,,,,,,,,,,,,,,,,,,,,,,,,,,,,,0,,,,0,,,,,0,,0,0,,,0,,,,,,,,,,,,0,,,,,,,0,0,0,0,0,0,,,0,0,0,,,,,,12,,,,,,0,0,0,0,0,0,0,,,,,0,,,0,,0,,,,,,,,,,,,,,,,,,,,,0,,,,
12/17/2015,1Z091YW70394245156,ME,3909,0,8,ACC,RDR,Delivery Area Surcharge,3,,,,,,,,,,,,,,,,,,,,,,,,,,,,,,,,,,,,,,,,,,,,,,,,0,,,,0,,,,,0,,0,0,,,0,,,,,,,,,,,,0,,,,,,,0,0,0,0,0,0,,,0,0,0,,,,,,12,,,,,,0,0,0,0,0,0,0,,,,,0,,,0,,0,,,,,,,,,,,,,,,,,,,,,0,,,,
12/17/2015,1Z091YW70394245156,ME,3909,0,8,FSC,FSC,Fuel Surcharge,1.37,,,,,,,,,,,,,,,,,,,,,,,,,,,,,,,,,,,,,,,,,,,,,,,,0,,,,0,,,,,0,,0,0,,,0,,,,,,,,,,,,0,,,,,,,0,0,0,0,0,0,,,0,0,0,,,,,,12,,,,,,0,0,0,0,0,0,0,,,,,0,,,0,,0,,,,,,,,,,,,,,,,,,,,,0,,,,
12/17/2015,1Z091YW70394245156,ME,3909,0,8,INF,3,Ground Residential Third Party,0,,,,,,,,,,,,,,,,,,,,,,,,,,,,,,,,,,,,,,,,,,,,,,,,0,,,,0,,,,,0,,0,0,,,0,,,,,,,,,,,,0,,,,,,,0,0,0,0,0,0,,,0,0,0,,,,,,12,,,,,,0,0,0,0,0,0,0,,,,,0,,,0,,0,,,,,,,,,,,,,,,,,,,,,0,,,22.0x 15.0x 15.0,I
12/17/2015,1Z091YW70392336178,MN,55303,28,7,FRT,3,Ground Residential Third Party,15.4,,,,,,,,,,,,,,,,,,,,,,,,,,,,,,,,,,,,,,,,,,,,,,,,0,,,,0,,,,,0,,0,0,,,0,,,,,,,,,,,,0,,,,,,,0,0,0,0,0,0,,,0,0,0,,,,,,12,,,,,,0,0,0,0,0,0,0,,,,,0,,,0,,0,,,,,,,,,,,,,,,,,,,,,0,,,,
12/17/2015,1Z091YW70392336178,MN,55303,0,7,ACC,RES,Residential Surcharge,2.01,,,,,,,,,,,,,,,,,,,,,,,,,,,,,,,,,,,,,,,,,,,,,,,,0,,,,0,,,,,0,,0,0,,,0,,,,,,,,,,,,0,,,,,,,0,0,0,0,0,0,,,0,0,0,,,,,,12,,,,,,0,0,0,0,0,0,0,,,,,0,,,0,,0,,,,,,,,,,,,,,,,,,,,,0,,,,
12/17/2015,1Z091YW70392336178,MN,55303,0,7,FSC,FSC,Fuel Surcharge,0.92,,,,,,,,,,,,,,,,,,,,,,,,,,,,,,,,,,,,,,,,,,,,,,,,0,,,,0,,,,,0,,0,0,,,0,,,,,,,,,,,,0,,,,,,,0,0,0,0,0,0,,,0,0,0,,,,,,12,,,,,,0,0,0,0,0,0,0,,,,,0,,,0,,0,,,,,,,,,,,,,,,,,,,,,0,,,,
12/17/2015,1Z091YW70392336178,MN,55303,0,7,INF,3,Ground Residential Third Party,0,,,,,,,,,,,,,,,,,,,,,,,,,,,,,,,,,,,,,,,,,,,,,,,,0,,,,0,,,,,0,,0,0,,,0,,,,,,,,,,,,0,,,,,,,0,0,0,0,0,0,,,0,0,0,,,,,,12,,,,,,0,0,0,0,0,0,0,,,,,0,,,0,,0,,,,,,,,,,,,,,,,,,,,,0,,,21.0x 14.0x 14.0,I
12/17/2015,1Z091YW70392811994,GA,31763,29,8,FRT,3,Ground Residential Third Party,17.91,,,,,,,,,,,,,,,,,,,,,,,,,,,,,,,,,,,,,,,,,,,,,,,,0,,,,0,,,,,0,,0,0,,,0,,,,,,,,,,,,0,,,,,,,0,0,0,0,0,0,,,0,0,0,,,,,,12,,,,,,0,0,0,0,0,0,0,,,,,0,,,0,,0,,,,,,,,,,,,,,,,,,,,,0,,,,
12/17/2015,1Z091YW70392811994,GA,31763,0,8,ACC,RES,Residential Surcharge,2.01,,,,,,,,,,,,,,,,,,,,,,,,,,,,,,,,,,,,,,,,,,,,,,,,0,,,,0,,,,,0,,0,0,,,0,,,,,,,,,,,,0,,,,,,,0,0,0,0,0,0,,,0,0,0,,,,,,12,,,,,,0,0,0,0,0,0,0,,,,,0,,,0,,0,,,,,,,,,,,,,,,,,,,,,0,,,,
12/17/2015,1Z091YW70392811994,GA,31763,0,8,ACC,RDR,Delivery Area Surcharge,3,,,,,,,,,,,,,,,,,,,,,,,,,,,,,,,,,,,,,,,,,,,,,,,,0,,,,0,,,,,0,,0,0,,,0,,,,,,,,,,,,0,,,,,,,0,0,0,0,0,0,,,0,0,0,,,,,,12,,,,,,0,0,0,0,0,0,0,,,,,0,,,0,,0,,,,,,,,,,,,,,,,,,,,,0,,,,
12/17/2015,1Z091YW70392811994,GA,31763,0,8,FSC,FSC,Fuel Surcharge,1.21,,,,,,,,,,,,,,,,,,,,,,,,,,,,,,,,,,,,,,,,,,,,,,,,0,,,,0,,,,,0,,0,0,,,0,,,,,,,,,,,,0,,,,,,,0,0,0,0,0,0,,,0,0,0,,,,,,12,,,,,,0,0,0,0,0,0,0,,,,,0,,,0,,0,,,,,,,,,,,,,,,,,,,,,0,,,,
12/17/2015,1Z091YW70392811994,GA,31763,0,8,INF,3,Ground Residential Third Party,0,,,,,,,,,,,,,,,,,,,,,,,,,,,,,,,,,,,,,,,,,,,,,,,,0,,,,0,,,,,0,,0,0,,,0,,,,,,,,,,,,0,,,,,,,0,0,0,0,0,0,,,0,0,0,,,,,,12,,,,,,0,0,0,0,0,0,0,,,,,0,,,0,,0,,,,,,,,,,,,,,,,,,,,,0,,,21.0x 14.0x 14.0,I
12/17/2015,1Z091YW70393854204,WI,53154,28,7,FRT,3,Ground Residential Third Party,15.4,,,,,,,,,,,,,,,,,,,,,,,,,,,,,,,,,,,,,,,,,,,,,,,,0,,,,0,,,,,0,,0,0,,,0,,,,,,,,,,,,0,,,,,,,0,0,0,0,0,0,,,0,0,0,,,,,,12,,,,,,0,0,0,0,0,0,0,,,,,0,,,0,,0,,,,,,,,,,,,,,,,,,,,,0,,,,
12/17/2015,1Z091YW70393854204,WI,53154,0,7,ACC,RES,Residential Surcharge,2.01,,,,,,,,,,,,,,,,,,,,,,,,,,,,,,,,,,,,,,,,,,,,,,,,0,,,,0,,,,,0,,0,0,,,0,,,,,,,,,,,,0,,,,,,,0,0,0,0,0,0,,,0,0,0,,,,,,12,,,,,,0,0,0,0,0,0,0,,,,,0,,,0,,0,,,,,,,,,,,,,,,,,,,,,0,,,,
12/17/2015,1Z091YW70393854204,WI,53154,0,7,FSC,FSC,Fuel Surcharge,0.92,,,,,,,,,,,,,,,,,,,,,,,,,,,,,,,,,,,,,,,,,,,,,,,,0,,,,0,,,,,0,,0,0,,,0,,,,,,,,,,,,0,,,,,,,0,0,0,0,0,0,,,0,0,0,,,,,,12,,,,,,0,0,0,0,0,0,0,,,,,0,,,0,,0,,,,,,,,,,,,,,,,,,,,,0,,,,
12/17/2015,1Z091YW70393854204,WI,53154,0,7,INF,3,Ground Residential Third Party,0,,,,,,,,,,,,,,,,,,,,,,,,,,,,,,,,,,,,,,,,,,,,,,,,0,,,,0,,,,,0,,0,0,,,0,,,,,,,,,,,,0,,,,,,,0,0,0,0,0,0,,,0,0,0,,,,,,12,,,,,,0,0,0,0,0,0,0,,,,,0,,,0,,0,,,,,,,,,,,,,,,,,,,,,0,,,21.0x 14.0x 14.0,I
12/17/2015,1Z091YW70392624615,IL,60401,25,7,FRT,3,Ground Residential Third Party,15.4,,,,,,,,,,,,,,,,,,,,,,,,,,,,,,,,,,,,,,,,,,,,,,,,0,,,,0,,,,,0,,0,0,,,0,,,,,,,,,,,,0,,,,,,,0,0,0,0,0,0,,,0,0,0,,,,,,12,,,,,,0,0,0,0,0,0,0,,,,,0,,,0,,0,,,,,,,,,,,,,,,,,,,,,0,,,,
12/17/2015,1Z091YW70392624615,IL,60401,0,7,ACC,RES,Residential Surcharge,2.01,,,,,,,,,,,,,,,,,,,,,,,,,,,,,,,,,,,,,,,,,,,,,,,,0,,,,0,,,,,0,,0,0,,,0,,,,,,,,,,,,0,,,,,,,0,0,0,0,0,0,,,0,0,0,,,,,,12,,,,,,0,0,0,0,0,0,0,,,,,0,,,0,,0,,,,,,,,,,,,,,,,,,,,,0,,,,
12/17/2015,1Z091YW70392624615,IL,60401,0,7,ACC,RDR,Delivery Area Surcharge,3,,,,,,,,,,,,,,,,,,,,,,,,,,,,,,,,,,,,,,,,,,,,,,,,0,,,,0,,,,,0,,0,0,,,0,,,,,,,,,,,,0,,,,,,,0,0,0,0,0,0,,,0,0,0,,,,,,12,,,,,,0,0,0,0,0,0,0,,,,,0,,,0,,0,,,,,,,,,,,,,,,,,,,,,0,,,,
12/17/2015,1Z091YW70392624615,IL,60401,0,7,FSC,FSC,Fuel Surcharge,1.07,,,,,,,,,,,,,,,,,,,,,,,,,,,,,,,,,,,,,,,,,,,,,,,,0,,,,0,,,,,0,,0,0,,,0,,,,,,,,,,,,0,,,,,,,0,0,0,0,0,0,,,0,0,0,,,,,,12,,,,,,0,0,0,0,0,0,0,,,,,0,,,0,,0,,,,,,,,,,,,,,,,,,,,,0,,,,
12/17/2015,1Z091YW70392624615,IL,60401,0,7,INF,3,Ground Residential Third Party,0,,,,,,,,,,,,,,,,,,,,,,,,,,,,,,,,,,,,,,,,,,,,,,,,0,,,,0,,,,,0,,0,0,,,0,,,,,,,,,,,,0,,,,,,,0,0,0,0,0,0,,,0,0,0,,,,,,12,,,,,,0,0,0,0,0,0,0,,,,,0,,,0,,0,,,,,,,,,,,,,,,,,,,,,0,,,21.0x 14.0x 14.0,I
12/17/2015,1Z091YW70394967224,KY,42553,28,8,FRT,3,Ground Residential Third Party,17.91,,,,,,,,,,,,,,,,,,,,,,,,,,,,,,,,,,,,,,,,,,,,,,,,0,,,,0,,,,,0,,0,0,,,0,,,,,,,,,,,,0,,,,,,,0,0,0,0,0,0,,,0,0,0,,,,,,12,,,,,,0,0,0,0,0,0,0,,,,,0,,,0,,0,,,,,,,,,,,,,,,,,,,,,0,,,,
12/17/2015,1Z091YW70394967224,KY,42553,0,8,ACC,RES,Residential Surcharge,2.01,,,,,,,,,,,,,,,,,,,,,,,,,,,,,,,,,,,,,,,,,,,,,,,,0,,,,0,,,,,0,,0,0,,,0,,,,,,,,,,,,0,,,,,,,0,0,0,0,0,0,,,0,0,0,,,,,,12,,,,,,0,0,0,0,0,0,0,,,,,0,,,0,,0,,,,,,,,,,,,,,,,,,,,,0,,,,
12/17/2015,1Z091YW70394967224,KY,42553,0,8,ACC,LDR,Delivery Area Surcharge - Extended,3.8,,,,,,,,,,,,,,,,,,,,,,,,,,,,,,,,,,,,,,,,,,,,,,,,0,,,,0,,,,,0,,0,0,,,0,,,,,,,,,,,,0,,,,,,,0,0,0,0,0,0,,,0,0,0,,,,,,12,,,,,,0,0,0,0,0,0,0,,,,,0,,,0,,0,,,,,,,,,,,,,,,,,,,,,0,,,,
12/17/2015,1Z091YW70394967224,KY,42553,0,8,FSC,FSC,Fuel Surcharge,1.25,,,,,,,,,,,,,,,,,,,,,,,,,,,,,,,,,,,,,,,,,,,,,,,,0,,,,0,,,,,0,,0,0,,,0,,,,,,,,,,,,0,,,,,,,0,0,0,0,0,0,,,0,0,0,,,,,,12,,,,,,0,0,0,0,0,0,0,,,,,0,,,0,,0,,,,,,,,,,,,,,,,,,,,,0,,,,
12/17/2015,1Z091YW70394967224,KY,42553,0,8,INF,3,Ground Residential Third Party,0,,,,,,,,,,,,,,,,,,,,,,,,,,,,,,,,,,,,,,,,,,,,,,,,0,,,,0,,,,,0,,0,0,,,0,,,,,,,,,,,,0,,,,,,,0,0,0,0,0,0,,,0,0,0,,,,,,12,,,,,,0,0,0,0,0,0,0,,,,,0,,,0,,0,,,,,,,,,,,,,,,,,,,,,0,,,21.0x 14.0x 14.0,I
12/17/2015,1Z091YW70394289074,FL,32792,30,8,FRT,3,Ground Residential Third Party,21.05,,,,,,,,,,,,,,,,,,,,,,,,,,,,,,,,,,,,,,,,,,,,,,,,0,,,,0,,,,,0,,0,0,,,0,,,,,,,,,,,,0,,,,,,,0,0,0,0,0,0,,,0,0,0,,,,,,12,,,,,,0,0,0,0,0,0,0,,,,,0,,,0,,0,,,,,,,,,,,,,,,,,,,,,0,,,,
12/17/2015,1Z091YW70394289074,FL,32792,0,8,ACC,RES,Residential Surcharge,2.01,,,,,,,,,,,,,,,,,,,,,,,,,,,,,,,,,,,,,,,,,,,,,,,,0,,,,0,,,,,0,,0,0,,,0,,,,,,,,,,,,0,,,,,,,0,0,0,0,0,0,,,0,0,0,,,,,,12,,,,,,0,0,0,0,0,0,0,,,,,0,,,0,,0,,,,,,,,,,,,,,,,,,,,,0,,,,
12/17/2015,1Z091YW70394289074,FL,32792,0,8,FSC,FSC,Fuel Surcharge,1.21,,,,,,,,,,,,,,,,,,,,,,,,,,,,,,,,,,,,,,,,,,,,,,,,0,,,,0,,,,,0,,0,0,,,0,,,,,,,,,,,,0,,,,,,,0,0,0,0,0,0,,,0,0,0,,,,,,12,,,,,,0,0,0,0,0,0,0,,,,,0,,,0,,0,,,,,,,,,,,,,,,,,,,,,0,,,,
12/17/2015,1Z091YW70394289074,FL,32792,0,8,INF,3,Ground Residential Third Party,0,,,,,,,,,,,,,,,,,,,,,,,,,,,,,,,,,,,,,,,,,,,,,,,,0,,,,0,,,,,0,,0,0,,,0,,,,,,,,,,,,0,,,,,,,0,0,0,0,0,0,,,0,0,0,,,,,,12,,,,,,0,0,0,0,0,0,0,,,,,0,,,0,,0,,,,,,,,,,,,,,,,,,,,,0,,,22.0x 15.0x 15.0,I
12/18/2015,1Z091YW70391339668,OH,44641,30,8,FRT,3,Ground Residential Third Party,21.05,,,,,,,,,,,,,,,,,,,,,,,,,,,,,,,,,,,,,,,,,,,,,,,,0,,,,0,,,,,0,,0,0,,,0,,,,,,,,,,,,0,,,,,,,0,0,0,0,0,0,,,0,0,0,,,,,,12,,,,,,0,0,0,0,0,0,0,,,,,0,,,0,,0,,,,,,,,,,,,,,,,,,,,,0,,,,
12/18/2015,1Z091YW70391339668,OH,44641,0,8,ACC,RES,Residential Surcharge,2.01,,,,,,,,,,,,,,,,,,,,,,,,,,,,,,,,,,,,,,,,,,,,,,,,0,,,,0,,,,,0,,0,0,,,0,,,,,,,,,,,,0,,,,,,,0,0,0,0,0,0,,,0,0,0,,,,,,12,,,,,,0,0,0,0,0,0,0,,,,,0,,,0,,0,,,,,,,,,,,,,,,,,,,,,0,,,,
12/18/2015,1Z091YW70391339668,OH,44641,0,8,FSC,FSC,Fuel Surcharge,1.21,,,,,,,,,,,,,,,,,,,,,,,,,,,,,,,,,,,,,,,,,,,,,,,,0,,,,0,,,,,0,,0,0,,,0,,,,,,,,,,,,0,,,,,,,0,0,0,0,0,0,,,0,0,0,,,,,,12,,,,,,0,0,0,0,0,0,0,,,,,0,,,0,,0,,,,,,,,,,,,,,,,,,,,,0,,,,
12/18/2015,1Z091YW70391339668,OH,44641,0,8,INF,3,Ground Residential Third Party,0,,,,,,,,,,,,,,,,,,,,,,,,,,,,,,,,,,,,,,,,,,,,,,,,0,,,,0,,,,,0,,0,0,,,0,,,,,,,,,,,,0,,,,,,,0,0,0,0,0,0,,,0,0,0,,,,,,12,,,,,,0,0,0,0,0,0,0,,,,,0,,,0,,0,,,,,,,,,,,,,,,,,,,,,0,,,22.0x 15.0x 15.0,I
12/18/2015,1Z091YW70394003274,MS,38852,30,7,FRT,3,Ground Residential Third Party,17.69,,,,,,,,,,,,,,,,,,,,,,,,,,,,,,,,,,,,,,,,,,,,,,,,0,,,,0,,,,,0,,0,0,,,0,,,,,,,,,,,,0,,,,,,,0,0,0,0,0,0,,,0,0,0,,,,,,12,,,,,,0,0,0,0,0,0,0,,,,,0,,,0,,0,,,,,,,,,,,,,,,,,,,,,0,,,,
12/18/2015,1Z091YW70394003274,MS,38852,0,7,ACC,RES,Residential Surcharge,2.01,,,,,,,,,,,,,,,,,,,,,,,,,,,,,,,,,,,,,,,,,,,,,,,,0,,,,0,,,,,0,,0,0,,,0,,,,,,,,,,,,0,,,,,,,0,0,0,0,0,0,,,0,0,0,,,,,,12,,,,,,0,0,0,0,0,0,0,,,,,0,,,0,,0,,,,,,,,,,,,,,,,,,,,,0,,,,
12/18/2015,1Z091YW70394003274,MS,38852,0,7,ACC,LDR,Delivery Area Surcharge - Extended,3.8,,,,,,,,,,,,,,,,,,,,,,,,,,,,,,,,,,,,,,,,,,,,,,,,0,,,,0,,,,,0,,0,0,,,0,,,,,,,,,,,,0,,,,,,,0,0,0,0,0,0,,,0,0,0,,,,,,12,,,,,,0,0,0,0,0,0,0,,,,,0,,,0,,0,,,,,,,,,,,,,,,,,,,,,0,,,,
12/18/2015,1Z091YW70394003274,MS,38852,0,7,FSC,FSC,Fuel Surcharge,1.23,,,,,,,,,,,,,,,,,,,,,,,,,,,,,,,,,,,,,,,,,,,,,,,,0,,,,0,,,,,0,,0,0,,,0,,,,,,,,,,,,0,,,,,,,0,0,0,0,0,0,,,0,0,0,,,,,,12,,,,,,0,0,0,0,0,0,0,,,,,0,,,0,,0,,,,,,,,,,,,,,,,,,,,,0,,,,
12/18/2015,1Z091YW70394003274,MS,38852,0,7,INF,3,Ground Residential Third Party,0,,,,,,,,,,,,,,,,,,,,,,,,,,,,,,,,,,,,,,,,,,,,,,,,0,,,,0,,,,,0,,0,0,,,0,,,,,,,,,,,,0,,,,,,,0,0,0,0,0,0,,,0,0,0,,,,,,12,,,,,,0,0,0,0,0,0,0,,,,,0,,,0,,0,,,,,,,,,,,,,,,,,,,,,0,,,22.0x 15.0x 15.0,I
12/18/2015,1Z091YW70393859718,TX,78218,28,6,FRT,3,Ground Commercial Third Party,12.59,,,,,,,,,,,,,,,,,,,,,,,,,,,,,,,,,,,,,,,,,,,,,,,,0,,,,0,,,,,0,,0,0,,,0,,,,,,,,,,,,0,,,,,,,0,0,0,0,0,0,,,0,0,0,,,,,,12,,,,,,0,0,0,0,0,0,0,,,,,0,,,0,,0,,,,,,,,,,,,,,,,,,,,,0,,,,
12/18/2015,1Z091YW70393859718,TX,78218,0,6,FSC,FSC,Fuel Surcharge,0.66,,,,,,,,,,,,,,,,,,,,,,,,,,,,,,,,,,,,,,,,,,,,,,,,0,,,,0,,,,,0,,0,0,,,0,,,,,,,,,,,,0,,,,,,,0,0,0,0,0,0,,,0,0,0,,,,,,12,,,,,,0,0,0,0,0,0,0,,,,,0,,,0,,0,,,,,,,,,,,,,,,,,,,,,0,,,,
12/18/2015,1Z091YW70396744774,MI,49418,38,8,FRT,3,Ground Residential Third Party,24.64,,,,,,,,,,,,,,,,,,,,,,,,,,,,,,,,,,,,,,,,,,,,,,,,0,,,,0,,,,,0,,0,0,,,0,,,,,,,,,,,,0,,,,,,,0,0,0,0,0,0,,,0,0,0,,,,,,12,,,,,,0,0,0,0,0,0,0,,,,,0,,,0,,0,,,,,,,,,,,,,,,,,,,,,0,,,,
12/18/2015,1Z091YW70396744774,MI,49418,0,8,ACC,RES,Residential Surcharge,2.01,,,,,,,,,,,,,,,,,,,,,,,,,,,,,,,,,,,,,,,,,,,,,,,,0,,,,0,,,,,0,,0,0,,,0,,,,,,,,,,,,0,,,,,,,0,0,0,0,0,0,,,0,0,0,,,,,,12,,,,,,0,0,0,0,0,0,0,,,,,0,,,0,,0,,,,,,,,,,,,,,,,,,,,,0,,,,
12/18/2015,1Z091YW70396744774,MI,49418,0,8,FSC,FSC,Fuel Surcharge,1.4,,,,,,,,,,,,,,,,,,,,,,,,,,,,,,,,,,,,,,,,,,,,,,,,0,,,,0,,,,,0,,0,0,,,0,,,,,,,,,,,,0,,,,,,,0,0,0,0,0,0,,,0,0,0,,,,,,12,,,,,,0,0,0,0,0,0,0,,,,,0,,,0,,0,,,,,,,,,,,,,,,,,,,,,0,,,,
12/18/2015,1Z091YW70396744774,MI,49418,0,8,INF,3,Ground Residential Third Party,0,,,,,,,,,,,,,,,,,,,,,,,,,,,,,,,,,,,,,,,,,,,,,,,,0,,,,0,,,,,0,,0,0,,,0,,,,,,,,,,,,0,,,,,,,0,0,0,0,0,0,,,0,0,0,,,,,,12,,,,,,0,0,0,0,0,0,0,,,,,0,,,0,,0,,,,,,,,,,,,,,,,,,,,,0,,,21.0x 21.0x 14.0,I
12/18/2015,1Z091YW70396112581,MS,38671,60,7,FRT,3,Ground Residential Third Party,25.83,,,,,,,,,,,,,,,,,,,,,,,,,,,,,,,,,,,,,,,,,,,,,,,,0,,,,0,,,,,0,,0,0,,,0,,,,,,,,,,,,0,,,,,,,0,0,0,0,0,0,,,0,0,0,,,,,,12,,,,,,0,0,0,0,0,0,0,,,,,0,,,0,,0,,,,,,,,,,,,,,,,,,,,,0,,,,
12/18/2015,1Z091YW70396112581,MS,38671,0,7,ACC,RES,Residential Surcharge,2.01,,,,,,,,,,,,,,,,,,,,,,,,,,,,,,,,,,,,,,,,,,,,,,,,0,,,,0,,,,,0,,0,0,,,0,,,,,,,,,,,,0,,,,,,,0,0,0,0,0,0,,,0,0,0,,,,,,12,,,,,,0,0,0,0,0,0,0,,,,,0,,,0,,0,,,,,,,,,,,,,,,,,,,,,0,,,,
12/18/2015,1Z091YW70396112581,MS,38671,0,7,FSC,FSC,Fuel Surcharge,1.46,,,,,,,,,,,,,,,,,,,,,,,,,,,,,,,,,,,,,,,,,,,,,,,,0,,,,0,,,,,0,,0,0,,,0,,,,,,,,,,,,0,,,,,,,0,0,0,0,0,0,,,0,0,0,,,,,,12,,,,,,0,0,0,0,0,0,0,,,,,0,,,0,,0,,,,,,,,,,,,,,,,,,,,,0,,,,
12/18/2015,1Z091YW70396112581,MS,38671,0,7,INF,3,Ground Residential Third Party,0,,,,,,,,,,,,,,,,,,,,,,,,,,,,,,,,,,,,,,,,,,,,,,,,0,,,,0,,,,,0,,0,0,,,0,,,,,,,,,,,,0,,,,,,,0,0,0,0,0,0,,,0,0,0,,,,,,12,,,,,,0,0,0,0,0,0,0,,,,,0,,,0,,0,,,,,,,,,,,,,,,,,,,,,0,,,29.0x 19.0x 18.0,I
12/18/2015,1Z091YW70390668251,TX,79346,30,5,FRT,3,Ground Residential Third Party,12.23,,,,,,,,,,,,,,,,,,,,,,,,,,,,,,,,,,,,,,,,,,,,,,,,0,,,,0,,,,,0,,0,0,,,0,,,,,,,,,,,,0,,,,,,,0,0,0,0,0,0,,,0,0,0,,,,,,12,,,,,,0,0,0,0,0,0,0,,,,,0,,,0,,0,,,,,,,,,,,,,,,,,,,,,0,,,,
12/18/2015,1Z091YW70390668251,TX,79346,0,5,ACC,RES,Residential Surcharge,2.01,,,,,,,,,,,,,,,,,,,,,,,,,,,,,,,,,,,,,,,,,,,,,,,,0,,,,0,,,,,0,,0,0,,,0,,,,,,,,,,,,0,,,,,,,0,0,0,0,0,0,,,0,0,0,,,,,,12,,,,,,0,0,0,0,0,0,0,,,,,0,,,0,,0,,,,,,,,,,,,,,,,,,,,,0,,,,
12/18/2015,1Z091YW70390668251,TX,79346,0,5,ACC,LDR,Delivery Area Surcharge - Extended,3.8,,,,,,,,,,,,,,,,,,,,,,,,,,,,,,,,,,,,,,,,,,,,,,,,0,,,,0,,,,,0,,0,0,,,0,,,,,,,,,,,,0,,,,,,,0,0,0,0,0,0,,,0,0,0,,,,,,12,,,,,,0,0,0,0,0,0,0,,,,,0,,,0,,0,,,,,,,,,,,,,,,,,,,,,0,,,,
12/18/2015,1Z091YW70390668251,TX,79346,0,5,FSC,FSC,Fuel Surcharge,0.95,,,,,,,,,,,,,,,,,,,,,,,,,,,,,,,,,,,,,,,,,,,,,,,,0,,,,0,,,,,0,,0,0,,,0,,,,,,,,,,,,0,,,,,,,0,0,0,0,0,0,,,0,0,0,,,,,,12,,,,,,0,0,0,0,0,0,0,,,,,0,,,0,,0,,,,,,,,,,,,,,,,,,,,,0,,,,
12/18/2015,1Z091YW70390668251,TX,79346,0,5,INF,3,Ground Residential Third Party,0,,,,,,,,,,,,,,,,,,,,,,,,,,,,,,,,,,,,,,,,,,,,,,,,0,,,,0,,,,,0,,0,0,,,0,,,,,,,,,,,,0,,,,,,,0,0,0,0,0,0,,,0,0,0,,,,,,12,,,,,,0,0,0,0,0,0,0,,,,,0,,,0,,0,,,,,,,,,,,,,,,,,,,,,0,,,22.0x 15.0x 15.0,I
12/18/2015,1Z091YW70390383086,NC,28650,30,8,FRT,3,Ground Residential Third Party,17.91,,,,,,,,,,,,,,,,,,,,,,,,,,,,,,,,,,,,,,,,,,,,,,,,0,,,,0,,,,,0,,0,0,,,0,,,,,,,,,,,,0,,,,,,,0,0,0,0,0,0,,,0,0,0,,,,,,12,,,,,,0,0,0,0,0,0,0,,,,,0,,,0,,0,,,,,,,,,,,,,,,,,,,,,0,,,,
12/18/2015,1Z091YW70390383086,NC,28650,0,8,ACC,RES,Residential Surcharge,2.01,,,,,,,,,,,,,,,,,,,,,,,,,,,,,,,,,,,,,,,,,,,,,,,,0,,,,0,,,,,0,,0,0,,,0,,,,,,,,,,,,0,,,,,,,0,0,0,0,0,0,,,0,0,0,,,,,,12,,,,,,0,0,0,0,0,0,0,,,,,0,,,0,,0,,,,,,,,,,,,,,,,,,,,,0,,,,
12/18/2015,1Z091YW70390383086,NC,28650,0,8,ACC,RDR,Delivery Area Surcharge,3,,,,,,,,,,,,,,,,,,,,,,,,,,,,,,,,,,,,,,,,,,,,,,,,0,,,,0,,,,,0,,0,0,,,0,,,,,,,,,,,,0,,,,,,,0,0,0,0,0,0,,,0,0,0,,,,,,12,,,,,,0,0,0,0,0,0,0,,,,,0,,,0,,0,,,,,,,,,,,,,,,,,,,,,0,,,,
12/18/2015,1Z091YW70390383086,NC,28650,0,8,FSC,FSC,Fuel Surcharge,1.21,,,,,,,,,,,,,,,,,,,,,,,,,,,,,,,,,,,,,,,,,,,,,,,,0,,,,0,,,,,0,,0,0,,,0,,,,,,,,,,,,0,,,,,,,0,0,0,0,0,0,,,0,0,0,,,,,,12,,,,,,0,0,0,0,0,0,0,,,,,0,,,0,,0,,,,,,,,,,,,,,,,,,,,,0,,,,
12/18/2015,1Z091YW70390383086,NC,28650,0,8,INF,3,Ground Residential Third Party,0,,,,,,,,,,,,,,,,,,,,,,,,,,,,,,,,,,,,,,,,,,,,,,,,0,,,,0,,,,,0,,0,0,,,0,,,,,,,,,,,,0,,,,,,,0,0,0,0,0,0,,,0,0,0,,,,,,12,,,,,,0,0,0,0,0,0,0,,,,,0,,,0,,0,,,,,,,,,,,,,,,,,,,,,0,,,21.0x 14.0x 14.0,I
12/18/2015,1Z091YW70391283094,MA,1085,30,8,FRT,3,Ground Residential Third Party,21.05,,,,,,,,,,,,,,,,,,,,,,,,,,,,,,,,,,,,,,,,,,,,,,,,0,,,,0,,,,,0,,0,0,,,0,,,,,,,,,,,,0,,,,,,,0,0,0,0,0,0,,,0,0,0,,,,,,12,,,,,,0,0,0,0,0,0,0,,,,,0,,,0,,0,,,,,,,,,,,,,,,,,,,,,0,,,,
12/18/2015,1Z091YW70391283094,MA,1085,0,8,ACC,RES,Residential Surcharge,2.01,,,,,,,,,,,,,,,,,,,,,,,,,,,,,,,,,,,,,,,,,,,,,,,,0,,,,0,,,,,0,,0,0,,,0,,,,,,,,,,,,0,,,,,,,0,0,0,0,0,0,,,0,0,0,,,,,,12,,,,,,0,0,0,0,0,0,0,,,,,0,,,0,,0,,,,,,,,,,,,,,,,,,,,,0,,,,
12/18/2015,1Z091YW70391283094,MA,1085,0,8,FSC,FSC,Fuel Surcharge,1.21,,,,,,,,,,,,,,,,,,,,,,,,,,,,,,,,,,,,,,,,,,,,,,,,0,,,,0,,,,,0,,0,0,,,0,,,,,,,,,,,,0,,,,,,,0,0,0,0,0,0,,,0,0,0,,,,,,12,,,,,,0,0,0,0,0,0,0,,,,,0,,,0,,0,,,,,,,,,,,,,,,,,,,,,0,,,,
12/18/2015,1Z091YW70391283094,MA,1085,0,8,INF,3,Ground Residential Third Party,0,,,,,,,,,,,,,,,,,,,,,,,,,,,,,,,,,,,,,,,,,,,,,,,,0,,,,0,,,,,0,,0,0,,,0,,,,,,,,,,,,0,,,,,,,0,0,0,0,0,0,,,0,0,0,,,,,,12,,,,,,0,0,0,0,0,0,0,,,,,0,,,0,,0,,,,,,,,,,,,,,,,,,,,,0,,,22.0x 15.0x 15.0,I
12/18/2015,1Z091YW70390187306,NC,28562,30,8,FRT,3,Ground Commercial Third Party,20.37,,,,,,,,,,,,,,,,,,,,,,,,,,,,,,,,,,,,,,,,,,,,,,,,0,,,,0,,,,,0,,0,0,,,0,,,,,,,,,,,,0,,,,,,,0,0,0,0,0,0,,,0,0,0,,,,,,12,,,,,,0,0,0,0,0,0,0,,,,,0,,,0,,0,,,,,,,,,,,,,,,,,,,,,0,,,,
12/18/2015,1Z091YW70390187306,NC,28562,0,8,FSC,FSC,Fuel Surcharge,1.07,,,,,,,,,,,,,,,,,,,,,,,,,,,,,,,,,,,,,,,,,,,,,,,,0,,,,0,,,,,0,,0,0,,,0,,,,,,,,,,,,0,,,,,,,0,0,0,0,0,0,,,0,0,0,,,,,,12,,,,,,0,0,0,0,0,0,0,,,,,0,,,0,,0,,,,,,,,,,,,,,,,,,,,,0,,,,
12/18/2015,1Z091YW70390187306,NC,28562,0,8,INF,3,Ground Commercial Third Party,0,,,,,,,,,,,,,,,,,,,,,,,,,,,,,,,,,,,,,,,,,,,,,,,,0,,,,0,,,,,0,,0,0,,,0,,,,,,,,,,,,0,,,,,,,0,0,0,0,0,0,,,0,0,0,,,,,,12,,,,,,0,0,0,0,0,0,0,,,,,0,,,0,,0,,,,,,,,,,,,,,,,,,,,,0,,,22.0x 15.0x 15.0,I
12/18/2015,1Z091YW70397715197,SC,29829,60,8,FRT,3,Ground Residential Third Party,30.67,,,,,,,,,,,,,,,,,,,,,,,,,,,,,,,,,,,,,,,,,,,,,,,,0,,,,0,,,,,0,,0,0,,,0,,,,,,,,,,,,0,,,,,,,0,0,0,0,0,0,,,0,0,0,,,,,,12,,,,,,0,0,0,0,0,0,0,,,,,0,,,0,,0,,,,,,,,,,,,,,,,,,,,,0,,,,
12/18/2015,1Z091YW70397715197,SC,29829,0,8,ACC,RES,Residential Surcharge,2.01,,,,,,,,,,,,,,,,,,,,,,,,,,,,,,,,,,,,,,,,,,,,,,,,0,,,,0,,,,,0,,0,0,,,0,,,,,,,,,,,,0,,,,,,,0,0,0,0,0,0,,,0,0,0,,,,,,12,,,,,,0,0,0,0,0,0,0,,,,,0,,,0,,0,,,,,,,,,,,,,,,,,,,,,0,,,,
12/18/2015,1Z091YW70397715197,SC,29829,0,8,FSC,FSC,Fuel Surcharge,1.72,,,,,,,,,,,,,,,,,,,,,,,,,,,,,,,,,,,,,,,,,,,,,,,,0,,,,0,,,,,0,,0,0,,,0,,,,,,,,,,,,0,,,,,,,0,0,0,0,0,0,,,0,0,0,,,,,,12,,,,,,0,0,0,0,0,0,0,,,,,0,,,0,,0,,,,,,,,,,,,,,,,,,,,,0,,,,
12/18/2015,1Z091YW70397715197,SC,29829,0,8,INF,3,Ground Residential Third Party,0,,,,,,,,,,,,,,,,,,,,,,,,,,,,,,,,,,,,,,,,,,,,,,,,0,,,,0,,,,,0,,0,0,,,0,,,,,,,,,,,,0,,,,,,,0,0,0,0,0,0,,,0,0,0,,,,,,12,,,,,,0,0,0,0,0,0,0,,,,,0,,,0,,0,,,,,,,,,,,,,,,,,,,,,0,,,29.0x 19.0x 18.0,I
12/21/2015,1Z091YW70391343331,CA,93013,16,2,FRT,3,Ground Residential Third Party,6.61,,,,,,,,,,,,,,,,,,,,,,,,,,,,,,,,,,,,,,,,,,,,,,,,0,,,,0,,,,,0,,0,0,,,0,,,,,,,,,,,,0,,,,,,,0,0,0,0,0,0,,,0,0,0,,,,,,12,,,,,,0,0,0,0,0,0,0,,,,,0,,,0,,0,,,,,,,,,,,,,,,,,,,,,0,,,,
12/21/2015,1Z091YW70391343331,CA,93013,0,2,ACC,RES,Residential Surcharge,2.01,,,,,,,,,,,,,,,,,,,,,,,,,,,,,,,,,,,,,,,,,,,,,,,,0,,,,0,,,,,0,,0,0,,,0,,,,,,,,,,,,0,,,,,,,0,0,0,0,0,0,,,0,0,0,,,,,,12,,,,,,0,0,0,0,0,0,0,,,,,0,,,0,,0,,,,,,,,,,,,,,,,,,,,,0,,,,
12/21/2015,1Z091YW70391343331,CA,93013,0,2,FSC,FSC,Fuel Surcharge,0.45,,,,,,,,,,,,,,,,,,,,,,,,,,,,,,,,,,,,,,,,,,,,,,,,0,,,,0,,,,,0,,0,0,,,0,,,,,,,,,,,,0,,,,,,,0,0,0,0,0,0,,,0,0,0,,,,,,12,,,,,,0,0,0,0,0,0,0,,,,,0,,,0,,0,,,,,,,,,,,,,,,,,,,,,0,,,,
12/21/2015,1Z091YW70391343331,CA,93013,0,2,INF,3,Ground Residential Third Party,0,,,,,,,,,,,,,,,,,,,,,,,,,,,,,,,,,,,,,,,,,,,,,,,,0,,,,0,,,,,0,,0,0,,,0,,,,,,,,,,,,0,,,,,,,0,0,0,0,0,0,,,0,0,0,,,,,,12,,,,,,0,0,0,0,0,0,0,,,,,0,,,0,,0,,,,,,,,,,,,,,,,,,,,,0,,,22.0x 15.0x  8.0,I
12/21/2015,1Z091YW70391885014,CA,93308,25,2,FRT,3,Ground Residential Third Party,7.22,,,,,,,,,,,,,,,,,,,,,,,,,,,,,,,,,,,,,,,,,,,,,,,,0,,,,0,,,,,0,,0,0,,,0,,,,,,,,,,,,0,,,,,,,0,0,0,0,0,0,,,0,0,0,,,,,,12,,,,,,0,0,0,0,0,0,0,,,,,0,,,0,,0,,,,,,,,,,,,,,,,,,,,,0,,,,
12/21/2015,1Z091YW70391885014,CA,93308,0,2,ACC,RES,Residential Surcharge,2.01,,,,,,,,,,,,,,,,,,,,,,,,,,,,,,,,,,,,,,,,,,,,,,,,0,,,,0,,,,,0,,0,0,,,0,,,,,,,,,,,,0,,,,,,,0,0,0,0,0,0,,,0,0,0,,,,,,12,,,,,,0,0,0,0,0,0,0,,,,,0,,,0,,0,,,,,,,,,,,,,,,,,,,,,0,,,,
12/21/2015,1Z091YW70391885014,CA,93308,0,2,FSC,FSC,Fuel Surcharge,0.48,,,,,,,,,,,,,,,,,,,,,,,,,,,,,,,,,,,,,,,,,,,,,,,,0,,,,0,,,,,0,,0,0,,,0,,,,,,,,,,,,0,,,,,,,0,0,0,0,0,0,,,0,0,0,,,,,,12,,,,,,0,0,0,0,0,0,0,,,,,0,,,0,,0,,,,,,,,,,,,,,,,,,,,,0,,,,
12/21/2015,1Z091YW70391885014,CA,93308,0,2,INF,3,Ground Residential Third Party,0,,,,,,,,,,,,,,,,,,,,,,,,,,,,,,,,,,,,,,,,,,,,,,,,0,,,,0,,,,,0,,0,0,,,0,,,,,,,,,,,,0,,,,,,,0,0,0,0,0,0,,,0,0,0,,,,,,12,,,,,,0,0,0,0,0,0,0,,,,,0,,,0,,0,,,,,,,,,,,,,,,,,,,,,0,,,21.0x 14.0x 14.0,I
12/21/2015,1Z091YW70394944329,TX,76549,15,6,FRT,3,Ground Residential Third Party,8.84,,,,,,,,,,,,,,,,,,,,,,,,,,,,,,,,,,,,,,,,,,,,,,,,0,,,,0,,,,,0,,0,0,,,0,,,,,,,,,,,,0,,,,,,,0,0,0,0,0,0,,,0,0,0,,,,,,12,,,,,,0,0,0,0,0,0,0,,,,,0,,,0,,0,,,,,,,,,,,,,,,,,,,,,0,,,,
12/21/2015,1Z091YW70394944329,TX,76549,0,6,ACC,RES,Residential Surcharge,2.01,,,,,,,,,,,,,,,,,,,,,,,,,,,,,,,,,,,,,,,,,,,,,,,,0,,,,0,,,,,0,,0,0,,,0,,,,,,,,,,,,0,,,,,,,0,0,0,0,0,0,,,0,0,0,,,,,,12,,,,,,0,0,0,0,0,0,0,,,,,0,,,0,,0,,,,,,,,,,,,,,,,,,,,,0,,,,
12/21/2015,1Z091YW70394944329,TX,76549,0,6,FSC,FSC,Fuel Surcharge,0.57,,,,,,,,,,,,,,,,,,,,,,,,,,,,,,,,,,,,,,,,,,,,,,,,0,,,,0,,,,,0,,0,0,,,0,,,,,,,,,,,,0,,,,,,,0,0,0,0,0,0,,,0,0,0,,,,,,12,,,,,,0,0,0,0,0,0,0,,,,,0,,,0,,0,,,,,,,,,,,,,,,,,,,,,0,,,,
12/21/2015,1Z091YW70394944329,TX,76549,0,6,INF,3,Ground Residential Third Party,0,,,,,,,,,,,,,,,,,,,,,,,,,,,,,,,,,,,,,,,,,,,,,,,,0,,,,0,,,,,0,,0,0,,,0,,,,,,,,,,,,0,,,,,,,0,0,0,0,0,0,,,0,0,0,,,,,,12,,,,,,0,0,0,0,0,0,0,,,,,0,,,0,,0,,,,,,,,,,,,,,,,,,,,,0,,,23.0x 12.0x  9.0,I
12/21/2015,1Z091YW70390548345,CO,80911,30,5,FRT,3,Ground Residential Third Party,12.23,,,,,,,,,,,,,,,,,,,,,,,,,,,,,,,,,,,,,,,,,,,,,,,,0,,,,0,,,,,0,,0,0,,,0,,,,,,,,,,,,0,,,,,,,0,0,0,0,0,0,,,0,0,0,,,,,,12,,,,,,0,0,0,0,0,0,0,,,,,0,,,0,,0,,,,,,,,,,,,,,,,,,,,,0,,,,
12/21/2015,1Z091YW70390548345,CO,80911,0,5,ACC,RES,Residential Surcharge,2.01,,,,,,,,,,,,,,,,,,,,,,,,,,,,,,,,,,,,,,,,,,,,,,,,0,,,,0,,,,,0,,0,0,,,0,,,,,,,,,,,,0,,,,,,,0,0,0,0,0,0,,,0,0,0,,,,,,12,,,,,,0,0,0,0,0,0,0,,,,,0,,,0,,0,,,,,,,,,,,,,,,,,,,,,0,,,,
12/21/2015,1Z091YW70390548345,CO,80911,0,5,FSC,FSC,Fuel Surcharge,0.75,,,,,,,,,,,,,,,,,,,,,,,,,,,,,,,,,,,,,,,,,,,,,,,,0,,,,0,,,,,0,,0,0,,,0,,,,,,,,,,,,0,,,,,,,0,0,0,0,0,0,,,0,0,0,,,,,,12,,,,,,0,0,0,0,0,0,0,,,,,0,,,0,,0,,,,,,,,,,,,,,,,,,,,,0,,,,
12/21/2015,1Z091YW70390548345,CO,80911,0,5,INF,3,Ground Residential Third Party,0,,,,,,,,,,,,,,,,,,,,,,,,,,,,,,,,,,,,,,,,,,,,,,,,0,,,,0,,,,,0,,0,0,,,0,,,,,,,,,,,,0,,,,,,,0,0,0,0,0,0,,,0,0,0,,,,,,12,,,,,,0,0,0,0,0,0,0,,,,,0,,,0,,0,,,,,,,,,,,,,,,,,,,,,0,,,22.0x 15.0x 15.0,I
12/21/2015,1Z091YW70391034960,AK,99705,25,44,FRT,3,Ground Residential Third Party,64.87,,,,,,,,,,,,,,,,,,,,,,,,,,,,,,,,,,,,,,,,,,,,,,,,0,,,,0,,,,,0,,0,0,,,0,,,,,,,,,,,,0,,,,,,,0,0,0,0,0,0,,,0,0,0,,,,,,12,,,,,,0,0,0,0,0,0,0,,,,,0,,,0,,0,,,,,,,,,,,,,,,,,,,,,0,,,,
12/21/2015,1Z091YW70391034960,AK,99705,0,44,ACC,RES,Residential Surcharge,2.01,,,,,,,,,,,,,,,,,,,,,,,,,,,,,,,,,,,,,,,,,,,,,,,,0,,,,0,,,,,0,,0,0,,,0,,,,,,,,,,,,0,,,,,,,0,0,0,0,0,0,,,0,0,0,,,,,,12,,,,,,0,0,0,0,0,0,0,,,,,0,,,0,,0,,,,,,,,,,,,,,,,,,,,,0,,,,
12/21/2015,1Z091YW70391034960,AK,99705,0,44,FSC,FSC,Fuel Surcharge,3.51,,,,,,,,,,,,,,,,,,,,,,,,,,,,,,,,,,,,,,,,,,,,,,,,0,,,,0,,,,,0,,0,0,,,0,,,,,,,,,,,,0,,,,,,,0,0,0,0,0,0,,,0,0,0,,,,,,12,,,,,,0,0,0,0,0,0,0,,,,,0,,,0,,0,,,,,,,,,,,,,,,,,,,,,0,,,,
12/21/2015,1Z091YW70391034960,AK,99705,0,44,INF,3,Ground Residential Third Party,0,,,,,,,,,,,,,,,,,,,,,,,,,,,,,,,,,,,,,,,,,,,,,,,,0,,,,0,,,,,0,,0,0,,,0,,,,,,,,,,,,0,,,,,,,0,0,0,0,0,0,,,0,0,0,,,,,,12,,,,,,0,0,0,0,0,0,0,,,,,0,,,0,,0,,,,,,,,,,,,,,,,,,,,,0,,,21.0x 14.0x 14.0,I
12/21/2015,1Z091YW70395136601,TX,78251,38,6,FRT,3,Ground Residential Third Party,17.93,,,,,,,,,,,,,,,,,,,,,,,,,,,,,,,,,,,,,,,,,,,,,,,,0,,,,0,,,,,0,,0,0,,,0,,,,,,,,,,,,0,,,,,,,0,0,0,0,0,0,,,0,0,0,,,,,,12,,,,,,0,0,0,0,0,0,0,,,,,0,,,0,,0,,,,,,,,,,,,,,,,,,,,,0,,,,
12/21/2015,1Z091YW70395136601,TX,78251,0,6,ACC,RES,Residential Surcharge,2.01,,,,,,,,,,,,,,,,,,,,,,,,,,,,,,,,,,,,,,,,,,,,,,,,0,,,,0,,,,,0,,0,0,,,0,,,,,,,,,,,,0,,,,,,,0,0,0,0,0,0,,,0,0,0,,,,,,12,,,,,,0,0,0,0,0,0,0,,,,,0,,,0,,0,,,,,,,,,,,,,,,,,,,,,0,,,,
12/21/2015,1Z091YW70395136601,TX,78251,0,6,FSC,FSC,Fuel Surcharge,1.05,,,,,,,,,,,,,,,,,,,,,,,,,,,,,,,,,,,,,,,,,,,,,,,,0,,,,0,,,,,0,,0,0,,,0,,,,,,,,,,,,0,,,,,,,0,0,0,0,0,0,,,0,0,0,,,,,,12,,,,,,0,0,0,0,0,0,0,,,,,0,,,0,,0,,,,,,,,,,,,,,,,,,,,,0,,,,
12/21/2015,1Z091YW70395136601,TX,78251,0,6,INF,3,Ground Residential Third Party,0,,,,,,,,,,,,,,,,,,,,,,,,,,,,,,,,,,,,,,,,,,,,,,,,0,,,,0,,,,,0,,0,0,,,0,,,,,,,,,,,,0,,,,,,,0,0,0,0,0,0,,,0,0,0,,,,,,12,,,,,,0,0,0,0,0,0,0,,,,,0,,,0,,0,,,,,,,,,,,,,,,,,,,,,0,,,21.0x 21.0x 14.0,I
12/21/2015,1Z091YW70397680813,ID,83221,38,5,FRT,3,Ground Residential Third Party,14.29,,,,,,,,,,,,,,,,,,,,,,,,,,,,,,,,,,,,,,,,,,,,,,,,0,,,,0,,,,,0,,0,0,,,0,,,,,,,,,,,,0,,,,,,,0,0,0,0,0,0,,,0,0,0,,,,,,12,,,,,,0,0,0,0,0,0,0,,,,,0,,,0,,0,,,,,,,,,,,,,,,,,,,,,0,,,,
12/21/2015,1Z091YW70397680813,ID,83221,0,5,ACC,RES,Residential Surcharge,2.01,,,,,,,,,,,,,,,,,,,,,,,,,,,,,,,,,,,,,,,,,,,,,,,,0,,,,0,,,,,0,,0,0,,,0,,,,,,,,,,,,0,,,,,,,0,0,0,0,0,0,,,0,0,0,,,,,,12,,,,,,0,0,0,0,0,0,0,,,,,0,,,0,,0,,,,,,,,,,,,,,,,,,,,,0,,,,
12/21/2015,1Z091YW70397680813,ID,83221,0,5,ACC,RDR,Delivery Area Surcharge,3,,,,,,,,,,,,,,,,,,,,,,,,,,,,,,,,,,,,,,,,,,,,,,,,0,,,,0,,,,,0,,0,0,,,0,,,,,,,,,,,,0,,,,,,,0,0,0,0,0,0,,,0,0,0,,,,,,12,,,,,,0,0,0,0,0,0,0,,,,,0,,,0,,0,,,,,,,,,,,,,,,,,,,,,0,,,,
12/21/2015,1Z091YW70397680813,ID,83221,0,5,FSC,FSC,Fuel Surcharge,1.01,,,,,,,,,,,,,,,,,,,,,,,,,,,,,,,,,,,,,,,,,,,,,,,,0,,,,0,,,,,0,,0,0,,,0,,,,,,,,,,,,0,,,,,,,0,0,0,0,0,0,,,0,0,0,,,,,,12,,,,,,0,0,0,0,0,0,0,,,,,0,,,0,,0,,,,,,,,,,,,,,,,,,,,,0,,,,
12/21/2015,1Z091YW70397680813,ID,83221,0,5,INF,3,Ground Residential Third Party,0,,,,,,,,,,,,,,,,,,,,,,,,,,,,,,,,,,,,,,,,,,,,,,,,0,,,,0,,,,,0,,0,0,,,0,,,,,,,,,,,,0,,,,,,,0,0,0,0,0,0,,,0,0,0,,,,,,12,,,,,,0,0,0,0,0,0,0,,,,,0,,,0,,0,,,,,,,,,,,,,,,,,,,,,0,,,21.0x 21.0x 14.0,I
12/22/2015,1Z091YW70394897685,CA,93535,20,2,FRT,3,Ground Residential Third Party,6.61,,,,,,,,,,,,,,,,,,,,,,,,,,,,,,,,,,,,,,,,,,,,,,,,0,,,,0,,,,,0,,0,0,,,0,,,,,,,,,,,,0,,,,,,,0,0,0,0,0,0,,,0,0,0,,,,,,12,,,,,,0,0,0,0,0,0,0,,,,,0,,,0,,0,,,,,,,,,,,,,,,,,,,,,0,,,,
12/22/2015,1Z091YW70394897685,CA,93535,0,2,ACC,RES,Residential Surcharge,2.01,,,,,,,,,,,,,,,,,,,,,,,,,,,,,,,,,,,,,,,,,,,,,,,,0,,,,0,,,,,0,,0,0,,,0,,,,,,,,,,,,0,,,,,,,0,0,0,0,0,0,,,0,0,0,,,,,,12,,,,,,0,0,0,0,0,0,0,,,,,0,,,0,,0,,,,,,,,,,,,,,,,,,,,,0,,,,
12/22/2015,1Z091YW70394897685,CA,93535,0,2,FSC,FSC,Fuel Surcharge,0.45,,,,,,,,,,,,,,,,,,,,,,,,,,,,,,,,,,,,,,,,,,,,,,,,0,,,,0,,,,,0,,0,0,,,0,,,,,,,,,,,,0,,,,,,,0,0,0,0,0,0,,,0,0,0,,,,,,12,,,,,,0,0,0,0,0,0,0,,,,,0,,,0,,0,,,,,,,,,,,,,,,,,,,,,0,,,,
12/22/2015,1Z091YW70390083758,AZ,85326,40,4,FRT,3,Ground Residential Third Party,11.82,,,,,,,,,,,,,,,,,,,,,,,,,,,,,,,,,,,,,,,,,,,,,,,,0,,,,0,,,,,0,,0,0,,,0,,,,,,,,,,,,0,,,,,,,0,0,0,0,0,0,,,0,0,0,,,,,,12,,,,,,0,0,0,0,0,0,0,,,,,0,,,0,,0,,,,,,,,,,,,,,,,,,,,,0,,,,
12/22/2015,1Z091YW70390083758,AZ,85326,0,4,ACC,RES,Residential Surcharge,2.01,,,,,,,,,,,,,,,,,,,,,,,,,,,,,,,,,,,,,,,,,,,,,,,,0,,,,0,,,,,0,,0,0,,,0,,,,,,,,,,,,0,,,,,,,0,0,0,0,0,0,,,0,0,0,,,,,,12,,,,,,0,0,0,0,0,0,0,,,,,0,,,0,,0,,,,,,,,,,,,,,,,,,,,,0,,,,
12/22/2015,1Z091YW70390083758,AZ,85326,0,4,ACC,RDR,Delivery Area Surcharge,3,,,,,,,,,,,,,,,,,,,,,,,,,,,,,,,,,,,,,,,,,,,,,,,,0,,,,0,,,,,0,,0,0,,,0,,,,,,,,,,,,0,,,,,,,0,0,0,0,0,0,,,0,0,0,,,,,,12,,,,,,0,0,0,0,0,0,0,,,,,0,,,0,,0,,,,,,,,,,,,,,,,,,,,,0,,,,
12/22/2015,1Z091YW70390083758,AZ,85326,0,4,FSC,FSC,Fuel Surcharge,0.88,,,,,,,,,,,,,,,,,,,,,,,,,,,,,,,,,,,,,,,,,,,,,,,,0,,,,0,,,,,0,,0,0,,,0,,,,,,,,,,,,0,,,,,,,0,0,0,0,0,0,,,0,0,0,,,,,,12,,,,,,0,0,0,0,0,0,0,,,,,0,,,0,,0,,,,,,,,,,,,,,,,,,,,,0,,,,
12/22/2015,1Z091YW70390083758,AZ,85326,0,4,INF,3,Ground Residential Third Party,0,,,,,,,,,,,,,,,,,,,,,,,,,,,,,,,,,,,,,,,,,,,,,,,,0,,,,0,,,,,0,,0,0,,,0,,,,,,,,,,,,0,,,,,,,0,0,0,0,0,0,,,0,0,0,,,,,,12,,,,,,0,0,0,0,0,0,0,,,,,0,,,0,,0,,,,,,,,,,,,,,,,,,,,,0,,,21.0x 20.0x 15.0,I
12/22/2015,1Z091YW70393660637,CA,95662,30,4,FRT,3,Ground Residential Third Party,10.33,,,,,,,,,,,,,,,,,,,,,,,,,,,,,,,,,,,,,,,,,,,,,,,,0,,,,0,,,,,0,,0,0,,,0,,,,,,,,,,,,0,,,,,,,0,0,0,0,0,0,,,0,0,0,,,,,,12,,,,,,0,0,0,0,0,0,0,,,,,0,,,0,,0,,,,,,,,,,,,,,,,,,,,,0,,,,
12/22/2015,1Z091YW70393660637,CA,95662,0,4,ACC,RES,Residential Surcharge,2.01,,,,,,,,,,,,,,,,,,,,,,,,,,,,,,,,,,,,,,,,,,,,,,,,0,,,,0,,,,,0,,0,0,,,0,,,,,,,,,,,,0,,,,,,,0,0,0,0,0,0,,,0,0,0,,,,,,12,,,,,,0,0,0,0,0,0,0,,,,,0,,,0,,0,,,,,,,,,,,,,,,,,,,,,0,,,,
12/22/2015,1Z091YW70393660637,CA,95662,0,4,FSC,FSC,Fuel Surcharge,0.65,,,,,,,,,,,,,,,,,,,,,,,,,,,,,,,,,,,,,,,,,,,,,,,,0,,,,0,,,,,0,,0,0,,,0,,,,,,,,,,,,0,,,,,,,0,0,0,0,0,0,,,0,0,0,,,,,,12,,,,,,0,0,0,0,0,0,0,,,,,0,,,0,,0,,,,,,,,,,,,,,,,,,,,,0,,,,
12/22/2015,1Z091YW70393660637,CA,95662,0,4,INF,3,Ground Residential Third Party,0,,,,,,,,,,,,,,,,,,,,,,,,,,,,,,,,,,,,,,,,,,,,,,,,0,,,,0,,,,,0,,0,0,,,0,,,,,,,,,,,,0,,,,,,,0,0,0,0,0,0,,,0,0,0,,,,,,12,,,,,,0,0,0,0,0,0,0,,,,,0,,,0,,0,,,,,,,,,,,,,,,,,,,,,0,,,22.0x 15.0x 15.0,I
12/22/2015,1Z091YW70394025876,CA,93926,17,3,FRT,3,Ground Residential Third Party,6.99,,,,,,,,,,,,,,,,,,,,,,,,,,,,,,,,,,,,,,,,,,,,,,,,0,,,,0,,,,,0,,0,0,,,0,,,,,,,,,,,,0,,,,,,,0,0,0,0,0,0,,,0,0,0,,,,,,12,,,,,,0,0,0,0,0,0,0,,,,,0,,,0,,0,,,,,,,,,,,,,,,,,,,,,0,,,,
12/22/2015,1Z091YW70394025876,CA,93926,0,3,ACC,RES,Residential Surcharge,2.01,,,,,,,,,,,,,,,,,,,,,,,,,,,,,,,,,,,,,,,,,,,,,,,,0,,,,0,,,,,0,,0,0,,,0,,,,,,,,,,,,0,,,,,,,0,0,0,0,0,0,,,0,0,0,,,,,,12,,,,,,0,0,0,0,0,0,0,,,,,0,,,0,,0,,,,,,,,,,,,,,,,,,,,,0,,,,
12/22/2015,1Z091YW70394025876,CA,93926,0,3,ACC,RDR,Delivery Area Surcharge,3,,,,,,,,,,,,,,,,,,,,,,,,,,,,,,,,,,,,,,,,,,,,,,,,0,,,,0,,,,,0,,0,0,,,0,,,,,,,,,,,,0,,,,,,,0,0,0,0,0,0,,,0,0,0,,,,,,12,,,,,,0,0,0,0,0,0,0,,,,,0,,,0,,0,,,,,,,,,,,,,,,,,,,,,0,,,,
12/22/2015,1Z091YW70394025876,CA,93926,0,3,FSC,FSC,Fuel Surcharge,0.63,,,,,,,,,,,,,,,,,,,,,,,,,,,,,,,,,,,,,,,,,,,,,,,,0,,,,0,,,,,0,,0,0,,,0,,,,,,,,,,,,0,,,,,,,0,0,0,0,0,0,,,0,0,0,,,,,,12,,,,,,0,0,0,0,0,0,0,,,,,0,,,0,,0,,,,,,,,,,,,,,,,,,,,,0,,,,
